use LuGas;

-- Carga de datos de la tabla clientes
INSERT INTO Clientes (RFCNom, RFCFecha, Nombre, Ape_Paterno, Ape_Materno, Nom_Calle, Num_CAlle, Nom_Colonia, Nom_Estado, Num_Telefono, Correo)
VALUES ('MASL', '1985-09-16', 'Leonel', 'Martinez', 'Sanchez', 'Colima', 251, 'Roma', 'CDMX',  '5510238976', 'Leonel22@gmail.com');
INSERT INTO Clientes (RFCNom, RFCFecha, Nombre, Ape_Paterno, Ape_Materno, Nom_Calle, Num_CAlle, Nom_Colonia, Nom_Estado, Num_Telefono, Correo)
VALUES ('JASB', '1972-10-10', 'Blanca', 'Jaimes', 'Sanchez', 'Cuauhtemoc', 68, 'Centro', 'CDMX',  '5567935341', 'Blanca18@gmail.com' );
INSERT INTO Clientes (RFCNom, RFCFecha, Nombre, Ape_Paterno, Ape_Materno, Nom_Calle, Num_CAlle, Nom_Colonia, Nom_Estado, Num_Telefono, Correo)
VALUES ('RORM', '1961-12-20', 'Maria', 'Rosales', 'Rodriguez', 'Pino Suarez', 3, 'Santa Ana', 'CDMX', '5561401630', 'Maria19@gmail.com');
INSERT INTO Clientes (RFCNom, RFCFecha, Nombre, Ape_Paterno, Ape_Materno, Nom_Calle, Num_CAlle, Nom_Colonia, Nom_Estado, Num_Telefono, Correo)
VALUES ('SAVR', '1970-02-18', 'Rafael', 'Salazar', 'Valerio', 'Pino', 1676, 'Poniente', 'CDMX', '5537500665', 'Rafael27@gmail.com');
INSERT INTO Clientes (RFCNom, RFCFecha, Nombre, Ape_Paterno, Ape_Materno, Nom_Calle, Num_CAlle, Nom_Colonia, Nom_Estado, Num_Telefono, Correo)
VALUES ('MARD', '1967-07-09', 'Dania', 'Martinez', 'Delgado', '16 sur', 1308, 'centro','CDMX', '5555103551', 'Dania17@gmail.com');
INSERT INTO Clientes (RFCNom, RFCFecha, Nombre, Ape_Paterno, Ape_Materno, Nom_Calle, Num_CAlle, Nom_Colonia, Nom_Estado, Num_Telefono, Correo)
VALUES ('BACA', '1995-12-05', 'Jorge', 'Baesa', 'Contrera', 'blvd juan alonso de torres', 1820, 'crento', 'CDMX', '5519964330', 'jorge3@gmal.com');
INSERT INTO Clientes (RFCNom, RFCFecha, Nombre, Ape_Paterno, Ape_Materno, Nom_Calle, Num_CAlle, Nom_Colonia, Nom_Estado, Num_Telefono, Correo)
VALUES ('PECJ', '1992-12-05', 'Juan Fernando', 'Perez', 'Del Corral', 'Hacienda vejel', 122, 'Jardines de la hacienda', 'CDMX', '5552442078', 'juanfernando24@gmail.com');
INSERT INTO Clientes (RFCNom, RFCFecha, Nombre, Ape_Paterno, Ape_Materno, Nom_Calle, Num_CAlle, Nom_Colonia, Nom_Estado, Num_Telefono, Correo)
VALUES ('LARV', '1970-12-03', 'Valentina', 'Laverde', 'Juarez', 'Prol reforma', 700, 'lomas de santa fe', 'CDMX', '5570788564', 'valentina6@gmail.com');
INSERT INTO Clientes (RFCNom, RFCFecha, Nombre, Ape_Paterno, Ape_Materno, Nom_Calle, Num_CAlle, Nom_Colonia, Nom_Estado, Num_Telefono, Correo)
VALUES ('DEGO', '1970-08-18', 'Oscar', 'De La Renta', 'Guzman', 'jimenez juarez', 133, 'burocrata', 'CDMX', '5517054900', 'oscar28@gmail.com');
INSERT INTO Clientes (RFCNom, RFCFecha, Nombre, Ape_Paterno, Ape_Materno, Nom_Calle, Num_CAlle, Nom_Colonia, Nom_Estado, Num_Telefono, Correo)
VALUES ('SAPS', '1967-05-29', 'Sara Teresa', 'Sanchez', 'Del pinar', 'avila camacho', 1994, 'tepetlacalco', 'CDMX', '5567611512', 'sarateresa23@gmail.com');
INSERT INTO Clientes (RFCNom, RFCFecha, Nombre, Ape_Paterno, Ape_Materno, Nom_Calle, Num_CAlle, Nom_Colonia, Nom_Estado, Num_Telefono, Correo)
VALUES ('CAME', '1981-08-03', 'Efrain', 'de las casas', 'Mejia', 'viveros de octum', 54, 'viveros el valle','CDMX', '5518954909', 'efrain29@gmail,com');
INSERT INTO Clientes (RFCNom, RFCFecha, Nombre, Ape_Paterno, Ape_Materno, Nom_Calle, Num_CAlle, Nom_Colonia, Nom_Estado, Num_Telefono, Correo)
VALUES ('POLJ', '1999-09-05', 'Julieta', 'Ponce', 'De Leon', 'asociacion de industriales', 32, 'centro', 'CDMX', '5518667759', 'julieta15@gmail.com');
INSERT INTO Clientes (RFCNom, RFCFecha, Nombre, Ape_Paterno, Ape_Materno, Nom_Calle, Num_CAlle, Nom_Colonia, Nom_Estado, Num_Telefono, Correo)
VALUES ('RIAM', '1978-11-11', 'Martin Elia', 'De Los Rios', 'Acosta', 'pablo neruda', 2460, 'providencia', 'CDMX', '5517391084', 'martinelias18@gmail.com');
INSERT INTO Clientes (RFCNom, RFCFecha, Nombre, Ape_Paterno, Ape_Materno, Nom_Calle, Num_CAlle, Nom_Colonia, Nom_Estado, Num_Telefono, Correo)
VALUES ('PATG', '1955-08-03', 'Gabriela', 'De La Pava', 'De La Torres', 'bahia de perules', 66, 'veronica anzurres', 'CDMX', '5515597701', 'gabriela14@gmail,com');
INSERT INTO Clientes (RFCNom, RFCFecha, Nombre, Ape_Paterno, Ape_Materno, Nom_Calle, Num_CAlle, Nom_Colonia, Nom_Estado, Num_Telefono, Correo)
VALUES ('GERM','1975-03-27', 'Matias', 'De Greiff','rincon', 'fernandez colima', 29, 'burocratas', 'CDMX','5517963445', 'matias13@gmail.com');
INSERT INTO Clientes (RFCNom, RFCFecha, Nombre, Ape_Paterno, Ape_Materno, Nom_Calle, Num_CAlle, Nom_Colonia, Nom_Estado, Num_Telefono, Correo)
VALUES ('CAYS', '1993-02-18', 'Sebastian','Del Campo', 'Yepes', 'prol aquiles serdan', 6, 'hoja de maiz','CDMX', '5549844280', 'sebastian26@gmail.com');
INSERT INTO Clientes (RFCNom, RFCFecha, Nombre, Ape_Paterno, Ape_Materno, Nom_Calle, Num_CAlle, Nom_Colonia, Nom_Estado, Num_Telefono, Correo)
VALUES ('RIAS', '1994-12-28', 'Sofia', 'del Rio','Arango', 'jose ma liceaga', 406, 'morelos loma','CDMX', '5515697875', 'sofia25@gmail.com');
INSERT INTO Clientes (RFCNom, RFCFecha, Nombre, Ape_Paterno, Ape_Materno, Nom_Calle, Num_CAlle, Nom_Colonia, Nom_Estado, Num_Telefono, Correo)
VALUES ('AVMM', '1997-08-30', 'Monica Patricia', 'De Avalos', 'Mendoza', 'santa ursula', 232, 'ped santa ursula', 'CDMX', '555787891', 'monicapatricia16@gmail.com');
INSERT INTO Clientes (RFCNom, RFCFecha, Nombre, Ape_Paterno, Ape_Materno, Nom_Calle, Num_CAlle, Nom_Colonia, Nom_Estado, Num_Telefono, Correo)
VALUES ('CCO', '1982-05-07', 'La Costena', ' ', ' ', 'av hidalgo', 1231, 'centro', 'CDMX', '5511293351', 'lacostena24@gmail.com');
INSERT INTO Clientes (RFCNom, RFCFecha, Nombre, Ape_Paterno, Ape_Materno, Nom_Calle, Num_CAlle, Nom_Colonia, Nom_Estado, Num_Telefono, Correo)
VALUES ('DDG', '1990-02-08', 'Grupo Dimex',' ', ' ', 'av del taller', 791, 'jardin balbuena', 'CDMX', '5577217010', 'grupodimex18@gmail.com');
INSERT INTO Clientes (RFCNom, RFCFecha, Nombre, Ape_Paterno, Ape_Materno, Nom_Calle, Num_CAlle, Nom_Colonia, Nom_Estado, Num_Telefono, Correo)
VALUES ('GJU', '1980-12-08', 'Jumex', ' ', ' ', 'zaragoza', 80, 'centro', 'CDMX', '5515310998', 'jumex26@gmail.com');
INSERT INTO Clientes (RFCNom, RFCFecha, Nombre, Ape_Paterno, Ape_Materno, Nom_Calle, Num_CAlle, Nom_Colonia, Nom_Estado, Num_Telefono, Correo)
VALUES ('FDM', '1999-11-25', 'FeDex', ' ', ' ', 'carr rec hidraulicos', 100, 'las flores', 'CDMX', '5512517912','fedex22@gmail.com');
INSERT INTO Clientes (RFCNom, RFCFecha, Nombre, Ape_Paterno, Ape_Materno, Nom_Calle, Num_CAlle, Nom_Colonia, Nom_Estado, Num_Telefono, Correo)
VALUES ('CAZD', '1998-07-27', 'Daniel', 'Castellanos', 'Zamorano', 'Zona central', '333', 'las americas', 'CDMX', '557328976', 'daniel27@gmail.com');

SELECT count(*) FROM Clientes;
SELECT * FROM Clientes;


-- Carga de datos tabla Personal
INSERT INTO Personal (RFCNombre, RFCFecha, NombreEmp, Ape_Paterno, Ape_Materno, Puesto, Edad, NomCalle, NumCalle, NomColonia, NomEstado, NumCP, NomAlcaldia, Sueldo, Telefono)
VALUES ('TOLJ', '1901-04-25', 'Joel', 'Torres', 'Lopez', 'Mecanico', 21, 'calle sur', 177, 'Gabriel Ramos Millán Secc Cuchilla', 'CDMX', 08020, 'iztacalco', 2200.00, '5640596335');
INSERT INTO Personal (RFCNombre, RFCFecha, NombreEmp, Ape_Paterno, Ape_Materno, Puesto, Edad, NomCalle, NumCalle, NomColonia, NomEstado, NumCP, NomAlcaldia, Sueldo, Telefono)
VALUES ('SAGA', '1992-03-27', 'Alfredo', 'Sanchez', 'Garcia', 'mecanico', 21, 'melchor ocampo', 240, 'Miguel de la Madrid', 'CDMX', 09638, 'iztapalapa', 2200, '5546699531');
INSERT INTO Personal (RFCNombre, RFCFecha, NombreEmp, Ape_Paterno, Ape_Materno, Puesto, Edad, NomCalle, NumCalle, NomColonia, NomEstado, NumCP, NomAlcaldia, Sueldo, Telefono)
VALUES ('PESB', '1999-10-10', 'Brenda', 'Peralta', 'Santos', 'mecanico', 23, 'vicente guerrero', 111-700, 'Zona Urbana Ejidal Santa María Aztahuacan', 'CDMX', 09570, 'iztapalapa', 2200, '5698636645');
INSERT INTO Personal (RFCNombre, RFCFecha, NombreEmp, Ape_Paterno, Ape_Materno, Puesto, Edad, NomCalle, NumCalle, NomColonia, NomEstado, NumCP, NomAlcaldia, Sueldo, Telefono)
VALUES ('MAJA', '1989-12-28', 'Alexis', 'Maldonado', 'Jimenez', 'herrero', 32, 'luis zamora', 18-28, 'Ejército de Oriente Zona Peñón', 'CDMX', 09239, 'iztapalapa', 2350, '5569412137');
INSERT INTO Personal (RFCNombre, RFCFecha, NombreEmp, Ape_Paterno, Ape_Materno, Puesto, Edad, NomCalle, NumCalle, NomColonia, NomEstado, NumCP, NomAlcaldia, Sueldo, Telefono)
VALUES ('GACI', '1987-05-06', 'Ivan', 'Gameros', 'Cisneros', 'herrero', 34, 'abraham gonzalez', 228-230, 'Zona Urbana Ejidal Santa María Aztahuacan', 'CDMX', 09570, 'iztapalapa', 2350, '557998861');
INSERT INTO Personal (RFCNombre, RFCFecha, NombreEmp, Ape_Paterno, Ape_Materno, Puesto, Edad, NomCalle, NumCalle, NomColonia, NomEstado, NumCP, NomAlcaldia, Sueldo, Telefono)
VALUES ('VADF', '1995-12-30', 'Daniel', 'Vazquez', 'Flores', 'ventas', 27, 'calle 12', 1, 'renovacion', 'CDMX', 09209, 'iztapalapa', 2500, '5532697841');
INSERT INTO Personal (RFCNombre, RFCFecha, NombreEmp, Ape_Paterno, Ape_Materno, Puesto, Edad, NomCalle, NumCalle, NomColonia, NomEstado, NumCP, NomAlcaldia, Sueldo, Telefono)
VALUES ('FLDL', '1985-03-09', 'Lissandra', 'Flores', 'Dias', 'compras', 37, '1aurelio meneses', 2-25, 'UH vicente guerrero', 'CDMX', 09200, 'iztapalapa', 2550, '5644832784');
INSERT INTO Personal (RFCNombre, RFCFecha, NombreEmp, Ape_Paterno, Ape_Materno, Puesto, Edad, NomCalle, NumCalle, NomColonia, NomEstado, NumCP, NomAlcaldia, Sueldo, Telefono)
VALUES ('CEHJ', '1983-12-15', 'Jaqueline', 'Cervantes', 'Hernandez', 'recepcion', 39, 'C. Gral. Juan Enríquez ', 521, 'juan escutia', 'CDMX', 09100, 'iztapalapa', 2600, '5602737869');
INSERT INTO Personal (RFCNombre, RFCFecha, NombreEmp, Ape_Paterno, Ape_Materno, Puesto, Edad, NomCalle, NumCalle, NomColonia, NomEstado, NumCP, NomAlcaldia, Sueldo, Telefono)
VALUES ('MOSJ', '1980-04-27', 'Juan Carlos', 'Montes', 'Sanchez', 'velador', 42, 'jose arrese', 5-28, 'tepalcates', 'CDMX', 09210, 'iztapalapa', 3500, '5699310279');
INSERT INTO Personal (RFCNombre, RFCFecha, NombreEmp, Ape_Paterno, Ape_Materno, Puesto, Edad, NomCalle, NumCalle, NomColonia, NomEstado, NumCP, NomAlcaldia, Sueldo, Telefono)
VALUES ('BLRJ', '1974-06-28', 'Jorge Alberto', 'Blanco', 'Rios', 'director g', 46, '23 de Julio de 1859 ', 760, 'Leyes de reforma 3ra secc', 'CDMX', 09310, 'iztapalapa', 7000, '5639742218');
INSERT INTO Personal (RFCNombre, RFCFecha, NombreEmp, Ape_Paterno, Ape_Materno, Puesto, Edad, NomCalle, NumCalle, NomColonia, NomEstado, NumCP, NomAlcaldia, Sueldo, Telefono)
VALUES ('TORM', '1980-05-06', 'Manuel', 'Torres', 'Rodas', 'recursos h', 42, 'batalla paso de ovejas', 66-849, 'Leyes de reforma 3ra secc', 'CDMX', 09310, 'iztapalapa', 5800, '5569346827');
INSERT INTO Personal (RFCNombre, RFCFecha, NombreEmp, Ape_Paterno, Ape_Materno, Puesto, Edad, NomCalle, NumCalle, NomColonia, NomEstado, NumCP, NomAlcaldia, Sueldo, Telefono)
VALUES ('SAMM', '1985-12-20', 'Marisol', 'Santos', 'Morales', 'almacen', 37, 'batalla de casa blanca', 1, 'Leyes de reforma 3ra secc', 'CDMX', 09310, 'iztapalapa', 2900, '5549637810');
INSERT INTO Personal (RFCNombre, RFCFecha, NombreEmp, Ape_Paterno, Ape_Materno, Puesto, Edad, NomCalle, NumCalle, NomColonia, NomEstado, NumCP, NomAlcaldia, Sueldo, Telefono)
VALUES ('LUJA', '1982-10-10', 'Luis', 'Jimenez', 'Andrade', 'herrero', '35', 'santa evracruz', '43', 'guerrero', 'CDMX', '9110', 'iztapalapa', '2350', '123456789');

SELECT COUNT(*) FROM Personal;
SELECT * FROM Personal;


-- Carga de datos en la tabla de proveedores
INSERT INTO Proveedores (RFCNom, RFCFecha, Telefono_Contacto, Nombre_rep, Ape_Paterno_Rep, Ape_Materno_Rep)
VALUES ('TAS', '1986-10-12', '556359575', 'Pedro', 'Jimenez', 'Sanches');
INSERT INTO Proveedores (RFCNom, RFCFecha, Telefono_Contacto, Nombre_rep, Ape_Paterno_Rep, Ape_Materno_Rep)
VALUES ('GAS', '1969-02-03', '559895670', 'Manuel', 'Gonzalez', 'Portillo');
INSERT INTO Proveedores (RFCNom, RFCFecha, Telefono_Contacto, Nombre_rep, Ape_Paterno_Rep, Ape_Materno_Rep)
VALUES ('LOV', '1949-03-26', '553167825', 'Carlos Manuel', 'Moreno', 'Rodriguez');
INSERT INTO Proveedores (RFCNom, RFCFecha, Telefono_Contacto, Nombre_rep, Ape_Paterno_Rep, Ape_Materno_Rep)
VALUES ('TCA', '1950-08-16', '557103996', 'Alexis', 'Cordova', 'Guzman');
INSERT INTO Proveedores (RFCNom, RFCFecha, Telefono_Contacto, Nombre_rep, Ape_Paterno_Rep, Ape_Materno_Rep)
VALUES ('ITF', '1968-04-29', '556948031', 'Felipe', 'Oropeza', 'Ordonez');
INSERT INTO Proveedores (RFCNom, RFCFecha, Telefono_Contacto, Nombre_rep, Ape_Paterno_Rep, Ape_Materno_Rep)
VALUES ('IMP', '1936-09-18', '554720189', 'Jorge', 'Hernandez', 'Torres');

SELECT COUNT(*) FROM Proveedores;
SELECT * FROM Proveedores;

-- Carga de datos en la tabla de Compras
INSERT INTO Compras (IDCompras, Sub_Total, Iva, Total, Fecha_Pedido, Fecha_Entrega, FK_RFC_Nom_Proveedor, FK_RFC_Fecha_Proveedor)
VALUES (1, 60000, 9600, 69600, '2022-01-29', '2022-02-10', 'TAS', '1986-10-12');
INSERT INTO Compras (IDCompras, Sub_Total, Iva, Total, Fecha_Pedido, Fecha_Entrega, FK_RFC_Nom_Proveedor, FK_RFC_Fecha_Proveedor)
VALUES (2, 75000, 12000, 87000, '2022-01-29', '2022-02-10', 'GAS', '1969-02-03');
INSERT INTO Compras (IDCompras, Sub_Total, Iva, Total, Fecha_Pedido, Fecha_Entrega, FK_RFC_Nom_Proveedor, FK_RFC_Fecha_Proveedor)
VALUES (3, 129000, 20640, 149640, '2022-01-29', '2022-02-10', 'GAS', '1969-02-03');
INSERT INTO Compras (IDCompras, Sub_Total, Iva, Total, Fecha_Pedido, Fecha_Entrega, FK_RFC_Nom_Proveedor, FK_RFC_Fecha_Proveedor)
VALUES (4, 80000, 12800, 92800, '2022-01-29', '2022-02-10', 'GAS', '1969-02-03');
INSERT INTO Compras (IDCompras, Sub_Total, Iva, Total, Fecha_Pedido, Fecha_Entrega, FK_RFC_Nom_Proveedor, FK_RFC_Fecha_Proveedor)
VALUES (5, 5000, 800, 5800, '2022-02-16', '2022-02-23', 'LOV', '1949-03-26');
INSERT INTO Compras (IDCompras, Sub_Total, Iva, Total, Fecha_Pedido, Fecha_Entrega, FK_RFC_Nom_Proveedor, FK_RFC_Fecha_Proveedor)
VALUES (6, 7500, 1200, 8700, '2022-02-16', '2022-02-23', 'LOV', '1949-03-26');
INSERT INTO Compras (IDCompras, Sub_Total, Iva, Total, Fecha_Pedido, Fecha_Entrega, FK_RFC_Nom_Proveedor, FK_RFC_Fecha_Proveedor)
VALUES (7, 11000, 1760, 12760, '2022-02-16', '2022-02-23', 'TCA', '1950-08-16');
INSERT INTO Compras (IDCompras, Sub_Total, Iva, Total, Fecha_Pedido, Fecha_Entrega, FK_RFC_Nom_Proveedor, FK_RFC_Fecha_Proveedor)
VALUES (8, 7800, 1248, 9048, '2022-02-23', '2022-03-15', 'TCA', '1950-08-16');
INSERT INTO Compras (IDCompras, Sub_Total, Iva, Total, Fecha_Pedido, Fecha_Entrega, FK_RFC_Nom_Proveedor, FK_RFC_Fecha_Proveedor)
VALUES (9, 11200, 1792, 12992, '2022-02-23', '2022-03-15', 'LOV', '1949-03-26');
INSERT INTO Compras (IDCompras, Sub_Total, Iva, Total, Fecha_Pedido, Fecha_Entrega, FK_RFC_Nom_Proveedor, FK_RFC_Fecha_Proveedor)
VALUES (10, 750, 120, 870, '2022-02-23', '2022-03-15', 'GAS', '1969-02-03');
INSERT INTO Compras (IDCompras, Sub_Total, Iva, Total, Fecha_Pedido, Fecha_Entrega, FK_RFC_Nom_Proveedor, FK_RFC_Fecha_Proveedor)
VALUES (11, 650, 104, 754, '2022-02-23', '2022-03-15', 'IMP', '1936-09-18');
INSERT INTO Compras (IDCompras, Sub_Total, Iva, Total, Fecha_Pedido, Fecha_Entrega, FK_RFC_Nom_Proveedor, FK_RFC_Fecha_Proveedor)
VALUES (12, 1200, 192, 1392, '2022-02-23', '2022-03-15', 'GAS', '1969-02-03');
INSERT INTO Compras (IDCompras, Sub_Total, Iva, Total, Fecha_Pedido, Fecha_Entrega, FK_RFC_Nom_Proveedor, FK_RFC_Fecha_Proveedor)
VALUES (13, 35000, 5600, 40600, '2022-03-05', '2022-03-26', 'TAS', '1986-10-12');
INSERT INTO Compras (IDCompras, Sub_Total, Iva, Total, Fecha_Pedido, Fecha_Entrega, FK_RFC_Nom_Proveedor, FK_RFC_Fecha_Proveedor)
VALUES (14, 28000, 4480, 32480, '2022-03-05', '2022-03-26', 'IMP', '1936-09-18');
INSERT INTO Compras (IDCompras, Sub_Total, Iva, Total, Fecha_Pedido, Fecha_Entrega, FK_RFC_Nom_Proveedor, FK_RFC_Fecha_Proveedor)
VALUES (15, 22500, 3600, 26100, '2022-03-05', '2022-03-10', 'IMP', '1936-09-18');
INSERT INTO Compras (IDCompras, Sub_Total, Iva, Total, Fecha_Pedido, Fecha_Entrega, FK_RFC_Nom_Proveedor, FK_RFC_Fecha_Proveedor)
VALUES (16, 45000, 7200, 52200, '2022-03-05', '2022-03-10', 'LOV', '1949-03-26');
INSERT INTO Compras (IDCompras, Sub_Total, Iva, Total, Fecha_Pedido, Fecha_Entrega, FK_RFC_Nom_Proveedor, FK_RFC_Fecha_Proveedor)
VALUES (17, 56000, 8960, 64960, '2022-03-05', '2022-03-10', 'TAS', '1986-10-12');
INSERT INTO Compras (IDCompras, Sub_Total, Iva, Total, Fecha_Pedido, Fecha_Entrega, FK_RFC_Nom_Proveedor, FK_RFC_Fecha_Proveedor)
VALUES (18, 17500, 2800, 20300, '2022-03-05', '2022-03-10', 'TCA', '1950-08-16');
INSERT INTO Compras (IDCompras, Sub_Total, Iva, Total, Fecha_Pedido, Fecha_Entrega, FK_RFC_Nom_Proveedor, FK_RFC_Fecha_Proveedor)
VALUES (19, 19000, 3040, 22040, '2022-03-05', '2022-03-10', 'ITF', '1968-04-29');
INSERT INTO Compras (IDCompras, Sub_Total, Iva, Total, Fecha_Pedido, Fecha_Entrega, FK_RFC_Nom_Proveedor, FK_RFC_Fecha_Proveedor)
VALUES (20, 86000, 13760, 99760, '2022-03-05', '2022-03-10', 'TCA', '1950-08-16');
INSERT INTO Compras (IDCompras, Sub_Total, Iva, Total, Fecha_Pedido, Fecha_Entrega, FK_RFC_Nom_Proveedor, FK_RFC_Fecha_Proveedor)
VALUES (21, 127500, 20400, 147900, '2022-03-05', '2022-03-10', 'GAS', '1969-02-03');
INSERT INTO Compras (IDCompras, Sub_Total, Iva, Total, Fecha_Pedido, Fecha_Entrega, FK_RFC_Nom_Proveedor, FK_RFC_Fecha_Proveedor)
VALUES (22, 48000, 7680, 55680, '2022-03-05', '2022-03-10', 'LOV', '1949-03-26');
INSERT INTO Compras (IDCompras, Sub_Total, Iva, Total, Fecha_Pedido, Fecha_Entrega, FK_RFC_Nom_Proveedor, FK_RFC_Fecha_Proveedor)
VALUES (23, 1350000, 216000, 1566000, '2022-04-20', '2022-05-15', 'TAS', '1986-10-12');
INSERT INTO Compras (IDCompras, Sub_Total, Iva, Total, Fecha_Pedido, Fecha_Entrega, FK_RFC_Nom_Proveedor, FK_RFC_Fecha_Proveedor)
VALUES (24, 2550000, 408000, 2958000, '2022-04-20', '2022-05-15', 'IMP', '1936-09-18');
INSERT INTO Compras (IDCompras, Sub_Total, Iva, Total, Fecha_Pedido, Fecha_Entrega, FK_RFC_Nom_Proveedor, FK_RFC_Fecha_Proveedor)
VALUES (25, 1600000, 256000, 1856000, '2022-04-20', '2022-05-15', 'GAS', '1969-02-03');
INSERT INTO Compras (IDCompras, Sub_Total, Iva, Total, Fecha_Pedido, Fecha_Entrega, FK_RFC_Nom_Proveedor, FK_RFC_Fecha_Proveedor)
VALUES (26, 225000, 36000, 261000, '2022-04-20', '2022-05-15', 'TCA', '1950-08-16');
INSERT INTO Compras (IDCompras, Sub_Total, Iva, Total, Fecha_Pedido, Fecha_Entrega, FK_RFC_Nom_Proveedor, FK_RFC_Fecha_Proveedor)
VALUES (27, 240000, 38400, 278400, '2022-04-20', '2022-05-15', 'TAS', '1986-10-12');
INSERT INTO Compras (IDCompras, Sub_Total, Iva, Total, Fecha_Pedido, Fecha_Entrega, FK_RFC_Nom_Proveedor, FK_RFC_Fecha_Proveedor)
VALUES (28, 412500, 66000, 478500, '2022-04-20', '2022-05-15', 'GAS', '1969-02-03');
INSERT INTO Compras (IDCompras, Sub_Total, Iva, Total, Fecha_Pedido, Fecha_Entrega, FK_RFC_Nom_Proveedor, FK_RFC_Fecha_Proveedor)
VALUES (29, 13500, 2160, 15660, '2022-04-23', '2022-04-27', 'TAS', '1986-10-12');
INSERT INTO Compras (IDCompras, Sub_Total, Iva, Total, Fecha_Pedido, Fecha_Entrega, FK_RFC_Nom_Proveedor, FK_RFC_Fecha_Proveedor)
VALUES (30, 12000, 1920, 13920, '2022-04-23', '2022-04-27', 'ITF', '1968-04-29');
INSERT INTO Compras (IDCompras, Sub_Total, Iva, Total, Fecha_Pedido, Fecha_Entrega, FK_RFC_Nom_Proveedor, FK_RFC_Fecha_Proveedor)
VALUES (31, 10000, 1600, 11600, '2022-04-23', '2022-04-27', 'IMP', '1936-09-18');
INSERT INTO Compras (IDCompras, Sub_Total, Iva, Total, Fecha_Pedido, Fecha_Entrega, FK_RFC_Nom_Proveedor, FK_RFC_Fecha_Proveedor)
VALUES (32, 300000, 48000, 348000,'2022-04-23', '2022-04-27', 'LOV', '1949-03-26');
INSERT INTO Compras (IDCompras, Sub_Total, Iva, Total, Fecha_Pedido, Fecha_Entrega, FK_RFC_Nom_Proveedor, FK_RFC_Fecha_Proveedor)
VALUES (33, 30000, 4800, 34800, '2022-04-23', '2022-04-27', 'ITF', '1968-04-29');
INSERT INTO Compras (IDCompras, Sub_Total, Iva, Total, Fecha_Pedido, Fecha_Entrega, FK_RFC_Nom_Proveedor, FK_RFC_Fecha_Proveedor)
VALUES (34, 30000, 4800, 34800, '2022-04-23', '2022-04-27', 'LOV', '1949-03-26');
INSERT INTO Compras (IDCompras, Sub_Total, Iva, Total, Fecha_Pedido, Fecha_Entrega, FK_RFC_Nom_Proveedor, FK_RFC_Fecha_Proveedor)
VALUES (35, 35600, 5696, 41296, '2022-04-23', '2022-04-27', 'TCA', '1950-08-16');
INSERT INTO Compras (IDCompras, Sub_Total, Iva, Total, Fecha_Pedido, Fecha_Entrega, FK_RFC_Nom_Proveedor, FK_RFC_Fecha_Proveedor)
VALUES (36, 3600, 576, 4176, '2022-04-25', '2022-05-01', 'TAS', '1986-10-12');
INSERT INTO Compras (IDCompras, Sub_Total, Iva, Total, Fecha_Pedido, Fecha_Entrega, FK_RFC_Nom_Proveedor, FK_RFC_Fecha_Proveedor)
VALUES (37, 21600, 3456, 25056, '2022-04-25', '2022-05-01', 'TCA', '1950-08-16');
INSERT INTO Compras (IDCompras, Sub_Total, Iva, Total, Fecha_Pedido, Fecha_Entrega, FK_RFC_Nom_Proveedor, FK_RFC_Fecha_Proveedor)
VALUES (38, 15000, 2400, 17400, '2022-04-25', '2022-05-01', 'GAS', '1969-02-03');
INSERT INTO Compras (IDCompras, Sub_Total, Iva, Total, Fecha_Pedido, Fecha_Entrega, FK_RFC_Nom_Proveedor, FK_RFC_Fecha_Proveedor)
VALUES (39, 3600, 576, 4176, '2022-04-25', '2022-05-01', 'ITF', '1968-04-29');

SELECT COUNT(*) FROM Compras;
SELECT * FROM Compras;


-- Carga de datos de existencias
INSERT INTO Existencias (ID_Existencias, Existencias, Nom_Prod, Desp_ob)
VALUES ('398548', '7', 'Abrazadera p/vapor', '64');
INSERT INTO Existencias (ID_Existencias, Existencias, Nom_Prod, Desp_ob)
VALUES ('200119', '8', 'Boquillas', '120');
INSERT INTO Existencias (ID_Existencias, Existencias, Nom_Prod, Desp_ob)
VALUES ('286089', '19', 'Codos 1/2 ntp a 1/2 fler', '74');
INSERT INTO Existencias (ID_Existencias, Existencias, Nom_Prod, Desp_ob)
VALUES ('200031', '1', 'Conexiones Hembra', '95');
INSERT INTO Existencias (ID_Existencias, Existencias, Nom_Prod, Desp_ob)
VALUES ('379090', '3', 'Conexiones Macho', '61');
INSERT INTO Existencias (ID_Existencias, Existencias, Nom_Prod, Desp_ob)
VALUES ('688016', '8', 'Coples 3/8 ntp a 1/4 fler', '130');
INSERT INTO Existencias (ID_Existencias, Existencias, Nom_Prod, Desp_ob)
VALUES ('351552', '13', 'Cuerpo de Aceleracion', '84');
INSERT INTO Existencias (ID_Existencias, Existencias, Nom_Prod, Desp_ob)
VALUES ('321405', '5', 'Equipo completo de inyeccion 4CIL', '64');
INSERT INTO Existencias (ID_Existencias, Existencias, Nom_Prod, Desp_ob)
VALUES ('286229', '1', 'Equipo completo de inyeccion 6CIL', '109');
INSERT INTO Existencias (ID_Existencias, Existencias, Nom_Prod, Desp_ob)
VALUES ('396450', '19', 'Equipo completo de inyeccion 8CIL', '118');
INSERT INTO Existencias (ID_Existencias, Existencias, Nom_Prod, Desp_ob)
VALUES ('120537', '8', 'Filtro de aire', '117');
INSERT INTO Existencias (ID_Existencias, Existencias, Nom_Prod, Desp_ob)
VALUES ('201711', '4', 'Filtro de gas', '82');
INSERT INTO Existencias (ID_Existencias, Existencias, Nom_Prod, Desp_ob)
VALUES ('111704', '12', 'Filtro Interfil', '22');
INSERT INTO Existencias (ID_Existencias, Existencias, Nom_Prod, Desp_ob)
VALUES ('161022', '12', 'Flotador de 16"', '41');
INSERT INTO Existencias (ID_Existencias, Existencias, Nom_Prod, Desp_ob)
VALUES ('402951', '19', 'Inyector KP', '128');
INSERT INTO Existencias (ID_Existencias, Existencias, Nom_Prod, Desp_ob)
VALUES ('938868', '9', 'Kit de mangueras p/4CIL', '62');
INSERT INTO Existencias (ID_Existencias, Existencias, Nom_Prod, Desp_ob)
VALUES ('414293', '13', 'Kit de mangueras p/6CIL', '63');
INSERT INTO Existencias (ID_Existencias, Existencias, Nom_Prod, Desp_ob)
VALUES ('698083', '6', 'Kit de mangueras p/8CIL', '60');
INSERT INTO Existencias (ID_Existencias, Existencias, Nom_Prod, Desp_ob)
VALUES ('911738', '17', 'Ligas de inyector', '87');
INSERT INTO Existencias (ID_Existencias, Existencias, Nom_Prod, Desp_ob)
VALUES ('696399', '4', 'Manguera de 1 Pul', '12');
INSERT INTO Existencias (ID_Existencias, Existencias, Nom_Prod, Desp_ob)
VALUES ('817956', '6', 'Manguera de Agua', '122');
INSERT INTO Existencias (ID_Existencias, Existencias, Nom_Prod, Desp_ob)
VALUES ('244337', '13', 'Manguera de Alta', '74');
INSERT INTO Existencias (ID_Existencias, Existencias, Nom_Prod, Desp_ob)
VALUES ('864013', '8', 'Mezcaldor CA55', '60');
INSERT INTO Existencias (ID_Existencias, Existencias, Nom_Prod, Desp_ob)
VALUES ('531134', '14', 'Mezclador CA100', '116');
INSERT INTO Existencias (ID_Existencias, Existencias, Nom_Prod, Desp_ob)
VALUES ('155300', '19', 'Repuesto p/ mezclador CA55', '50');
INSERT INTO Existencias (ID_Existencias, Existencias, Nom_Prod, Desp_ob)
VALUES ('200394', '18', 'Repuesto p/mezclador CA100', '124');
INSERT INTO Existencias (ID_Existencias, Existencias, Nom_Prod, Desp_ob)
VALUES ('695767', '18', 'Riel de inyector', '102');
INSERT INTO Existencias (ID_Existencias, Existencias, Nom_Prod, Desp_ob)
VALUES ('933665', '11', 'Solenoide', '84');
INSERT INTO Existencias (ID_Existencias, Existencias, Nom_Prod, Desp_ob)
VALUES ('132457', '8', 'Tanque 100 Lts, valvulas a la cabeza', '8');
INSERT INTO Existencias (ID_Existencias, Existencias, Nom_Prod, Desp_ob)
VALUES ('535769', '11', 'Tanque 120 Lts, valvulas al cuepo', '67');
INSERT INTO Existencias (ID_Existencias, Existencias, Nom_Prod, Desp_ob)
VALUES ('452363', '9', 'Tanque 150 Lts, valvulas al cuerpo', '19');
INSERT INTO Existencias (ID_Existencias, Existencias, Nom_Prod, Desp_ob)
VALUES ('916009', '5', 'Tanque est mod 180 h vals inds l', '64');
INSERT INTO Existencias (ID_Existencias, Existencias, Nom_Prod, Desp_ob)
VALUES ('771207', '2', 'Toma remota', '109');
INSERT INTO Existencias (ID_Existencias, Existencias, Nom_Prod, Desp_ob)
VALUES ('380851', '13', 'Valvula de vacio', '137');
INSERT INTO Existencias (ID_Existencias, Existencias, Nom_Prod, Desp_ob)
VALUES ('296906', '13', 'Valvula Solenoide', '23');
INSERT INTO Existencias (ID_Existencias, Existencias, Nom_Prod, Desp_ob)
VALUES ('966753', '5', 'Vaporizador 4CIL', '144');
INSERT INTO Existencias (ID_Existencias, Existencias, Nom_Prod, Desp_ob)
VALUES ('518171', '1', 'Vaporizador Cobra', '17');
INSERT INTO Existencias (ID_Existencias, Existencias, Nom_Prod, Desp_ob)
VALUES ('344952', '3', 'Vaporizador JB', '133');
INSERT INTO Existencias (ID_Existencias, Existencias, Nom_Prod, Desp_ob)
VALUES ('562549', '5', 'Vaporizador LB', '45');

SELECT COUNT(*) FROM Compras;
SELECT * FROM Compras;


-- Carga de datos en la tabla de inventario
INSERT INTO Inventario (IDInventario, Fecha_Inv, Observaciones, ExistenciasF, FK_Existencias_ID_Existencias)
VALUES ('1', '2022-01-20',' ', '6', '398548');
INSERT INTO Inventario (IDInventario, Fecha_Inv, Observaciones, ExistenciasF, FK_Existencias_ID_Existencias)
VALUES ('2', '2022-01-20', ' ', '10', '200119'); 
INSERT INTO Inventario (IDInventario, Fecha_Inv, Observaciones, ExistenciasF, FK_Existencias_ID_Existencias)
VALUES ('3', '2022-01-20', ' ', '15', '286089');
INSERT INTO Inventario (IDInventario, Fecha_Inv, Observaciones, ExistenciasF, FK_Existencias_ID_Existencias)
VALUES ('4', '2022-01-20', ' ', '10', '200031');
INSERT INTO Inventario (IDInventario, Fecha_Inv, Observaciones, ExistenciasF, FK_Existencias_ID_Existencias)
VALUES ('5', '2022-01-20', 'manguera picada', '40', '379090');
INSERT INTO Inventario (IDInventario, Fecha_Inv, Observaciones, ExistenciasF, FK_Existencias_ID_Existencias)
VALUES ('6', '2022-01-20', ' ', '50', '688016');
INSERT INTO Inventario (IDInventario, Fecha_Inv, Observaciones, ExistenciasF, FK_Existencias_ID_Existencias)
VALUES ('7', '2022-01-20', ' ', '50', '351552');
INSERT INTO Inventario (IDInventario, Fecha_Inv, Observaciones, ExistenciasF, FK_Existencias_ID_Existencias)
VALUES ('8', '2022-01-20', 'daños en empaque, contenido en buen estado', '30', '321405');
INSERT INTO Inventario (IDInventario, Fecha_Inv, Observaciones, ExistenciasF, FK_Existencias_ID_Existencias)
VALUES ('9', '2022-01-20', 'fecha caduca', '35', '286229');
INSERT INTO Inventario (IDInventario, Fecha_Inv, Observaciones, ExistenciasF, FK_Existencias_ID_Existencias)
VALUES ('10', '2022-01-20', ' ', '50', '396450');
INSERT INTO Inventario (IDInventario, Fecha_Inv, Observaciones, ExistenciasF, FK_Existencias_ID_Existencias)
VALUES ('11', '2022-01-20', ' ', '50', '120537');
INSERT INTO Inventario (IDInventario, Fecha_Inv, Observaciones, ExistenciasF, FK_Existencias_ID_Existencias)
VALUES ('12', '2022-01-20', ' ', '60', '201711');
INSERT INTO Inventario (IDInventario, Fecha_Inv, Observaciones, ExistenciasF, FK_Existencias_ID_Existencias)
VALUES ('13', '2022-01-20', 'empaque dañado', '100', '111704');
INSERT INTO Inventario (IDInventario, Fecha_Inv, Observaciones, ExistenciasF, FK_Existencias_ID_Existencias)
VALUES ('14', '2022-01-20', 'empaque dañado', '100', '161022');
INSERT INTO Inventario (IDInventario, Fecha_Inv, Observaciones, ExistenciasF, FK_Existencias_ID_Existencias)
VALUES ('15', '2022-01-20', ' ', '15', '402951');
INSERT INTO Inventario (IDInventario, Fecha_Inv, Observaciones, ExistenciasF, FK_Existencias_ID_Existencias)
VALUES ('16', '2022-01-20', ' ', '10', '938868');
INSERT INTO Inventario (IDInventario, Fecha_Inv, Observaciones, ExistenciasF, FK_Existencias_ID_Existencias)
VALUES ('17', '2022-01-20', ' ', '10', '414293');
INSERT INTO Inventario (IDInventario, Fecha_Inv, Observaciones, ExistenciasF, FK_Existencias_ID_Existencias)
VALUES ('18', '2022-01-20', 'faltan tornillos', '50', '698083');
INSERT INTO Inventario (IDInventario, Fecha_Inv, Observaciones, ExistenciasF, FK_Existencias_ID_Existencias)
VALUES ('19', '2022-01-20', 'repuesto roto', '50', '911738');
INSERT INTO Inventario (IDInventario, Fecha_Inv, Observaciones, ExistenciasF, FK_Existencias_ID_Existencias)
VALUES ('20', '2022-01-20', ' ', '10', '696399');
INSERT INTO Inventario (IDInventario, Fecha_Inv, Observaciones, ExistenciasF, FK_Existencias_ID_Existencias)
VALUES ('21', '2022-01-20', ' ', '15', '817956');
INSERT INTO Inventario (IDInventario, Fecha_Inv, Observaciones, ExistenciasF, FK_Existencias_ID_Existencias)
VALUES ('22', '2022-01-20', ' ', '5', '244337');
INSERT INTO Inventario (IDInventario, Fecha_Inv, Observaciones, ExistenciasF, FK_Existencias_ID_Existencias)
VALUES ('23', '2022-01-20', 'faltante piezas', '90', '864013');
INSERT INTO Inventario (IDInventario, Fecha_Inv, Observaciones, ExistenciasF, FK_Existencias_ID_Existencias)
VALUES ('24', '2022-01-20', 'faltante piezas', '150', '531134');
INSERT INTO Inventario (IDInventario, Fecha_Inv, Observaciones, ExistenciasF, FK_Existencias_ID_Existencias)
VALUES ('25', '2022-01-20', 'faltante piezas', '80', '155300');
INSERT INTO Inventario (IDInventario, Fecha_Inv, Observaciones, ExistenciasF, FK_Existencias_ID_Existencias)
VALUES ('26', '2022-01-20', 'faltante piezas', '90', '200394');
INSERT INTO Inventario (IDInventario, Fecha_Inv, Observaciones, ExistenciasF, FK_Existencias_ID_Existencias)
VALUES ('27', '2022-01-20', 'daños en empaque', '80', '695767');
INSERT INTO Inventario (IDInventario, Fecha_Inv, Observaciones, ExistenciasF, FK_Existencias_ID_Existencias)
VALUES ('28', '2022-01-20', 'daños en empaque', '150', '933665');
INSERT INTO Inventario (IDInventario, Fecha_Inv, Observaciones, ExistenciasF, FK_Existencias_ID_Existencias)
VALUES ('29', '2022-01-20', ' ', '30', '132457');
INSERT INTO Inventario (IDInventario, Fecha_Inv, Observaciones, ExistenciasF, FK_Existencias_ID_Existencias)
VALUES ('30', '2022-01-20', 'ligas rotas', '100', '535769');
INSERT INTO Inventario (IDInventario, Fecha_Inv, Observaciones, ExistenciasF, FK_Existencias_ID_Existencias)
VALUES ('31', '2022-01-20', 'no ajustable', '50', '452363');
INSERT INTO Inventario (IDInventario, Fecha_Inv, Observaciones, ExistenciasF, FK_Existencias_ID_Existencias)
VALUES ('32', '2022-01-20', 'falante cobertura', '200', '916009');
INSERT INTO Inventario (IDInventario, Fecha_Inv, Observaciones, ExistenciasF, FK_Existencias_ID_Existencias)
VALUES ('33', '2022-01-20', 'empaques dañados, contenido en mal estado', '500', '771207');
INSERT INTO Inventario (IDInventario, Fecha_Inv, Observaciones, ExistenciasF, FK_Existencias_ID_Existencias)
VALUES ('34', '2022-01-20', ' ', '50', '380851');
INSERT INTO Inventario (IDInventario, Fecha_Inv, Observaciones, ExistenciasF, FK_Existencias_ID_Existencias)
VALUES ('35', '2022-01-20', ' ', '100', '296906');
INSERT INTO Inventario (IDInventario, Fecha_Inv, Observaciones, ExistenciasF, FK_Existencias_ID_Existencias)
VALUES ('36', '2022-01-20', ' ', '30', '966753');
INSERT INTO Inventario (IDInventario, Fecha_Inv, Observaciones, ExistenciasF, FK_Existencias_ID_Existencias)
VALUES ('37', '2022-01-20', 'con daños ', '60', '518171');
INSERT INTO Inventario (IDInventario, Fecha_Inv, Observaciones, ExistenciasF, FK_Existencias_ID_Existencias)
VALUES ('38', '2022-01-20', ' ', '150', '344952');
INSERT INTO Inventario (IDInventario, Fecha_Inv, Observaciones, ExistenciasF, FK_Existencias_ID_Existencias)
VALUES ('39', '2022-01-20', 'reloj roto', '30', '562549');

SELECT COUNT(*) FROM Compras;
SELECT * FROM Compras;


-- Carga de datos en la tabla de material comprado
INSERT INTO material_comprado (Cantidad, Precio_Unitario, Sub_Total, FK_ID_Compras, FK_ID_Existencias)
VALUES ('6', '10000', '60000', '1', '200119');
INSERT INTO material_comprado (Cantidad, Precio_Unitario, Sub_Total, FK_ID_Compras, FK_ID_Existencias)
VALUES ('10', '7500', '75000', '2', '286089');
INSERT INTO material_comprado (Cantidad, Precio_Unitario, Sub_Total, FK_ID_Compras, FK_ID_Existencias)
VALUES ('15', '8600', '129000', '3', '200031');
INSERT INTO material_comprado (Cantidad, Precio_Unitario, Sub_Total, FK_ID_Compras, FK_ID_Existencias)
VALUES ('10', '8000', '80000', '4', '379090');
INSERT INTO material_comprado (Cantidad, Precio_Unitario, Sub_Total, FK_ID_Compras, FK_ID_Existencias)
VALUES ('40', '125', '5000', '5', '688016');
INSERT INTO material_comprado (Cantidad, Precio_Unitario, Sub_Total, FK_ID_Compras, FK_ID_Existencias)
VALUES ('50', '150', '7500', '6', '351552');
INSERT INTO material_comprado (Cantidad, Precio_Unitario, Sub_Total, FK_ID_Compras, FK_ID_Existencias)
VALUES ('50', '220', '11000', '6', '321405');
INSERT INTO material_comprado (Cantidad, Precio_Unitario, Sub_Total, FK_ID_Compras, FK_ID_Existencias)
VALUES ('30', '260', '7800', '8', '286229');
INSERT INTO material_comprado (Cantidad, Precio_Unitario, Sub_Total, FK_ID_Compras, FK_ID_Existencias)
VALUES ('35', '320', '11200', '9', '396450');
INSERT INTO material_comprado (Cantidad, Precio_Unitario, Sub_Total, FK_ID_Compras, FK_ID_Existencias)
VALUES ('50', '15', '750', '10', '120537');
INSERT INTO material_comprado (Cantidad, Precio_Unitario, Sub_Total, FK_ID_Compras, FK_ID_Existencias)
VALUES ('50', '13', '650', '11', '201711');
INSERT INTO material_comprado (Cantidad, Precio_Unitario, Sub_Total, FK_ID_Compras, FK_ID_Existencias)
VALUES ('60', '20', '1200', '12', '111704');
INSERT INTO material_comprado (Cantidad, Precio_Unitario, Sub_Total, FK_ID_Compras, FK_ID_Existencias)
VALUES ('100', '350', '35000', '13', '161022');
INSERT INTO material_comprado (Cantidad, Precio_Unitario, Sub_Total, FK_ID_Compras, FK_ID_Existencias)
VALUES ('100', '280', '28000', '14', '402951');
INSERT INTO material_comprado (Cantidad, Precio_Unitario, Sub_Total, FK_ID_Compras, FK_ID_Existencias)
VALUES ('15', '1500', '22500', '15', '938868');
INSERT INTO material_comprado (Cantidad, Precio_Unitario, Sub_Total, FK_ID_Compras, FK_ID_Existencias)
VALUES ('10', '4500', '45000', '16', '414293');
INSERT INTO material_comprado (Cantidad, Precio_Unitario, Sub_Total, FK_ID_Compras, FK_ID_Existencias)
VALUES ('10', '5600', '56000', '17', '698083');
INSERT INTO material_comprado (Cantidad, Precio_Unitario, Sub_Total, FK_ID_Compras, FK_ID_Existencias)
VALUES ('50', '350', '17500', '18', '911738');
INSERT INTO material_comprado (Cantidad, Precio_Unitario, Sub_Total, FK_ID_Compras, FK_ID_Existencias)
VALUES ('50', '380', '19000', '19', '696399');
INSERT INTO material_comprado (Cantidad, Precio_Unitario, Sub_Total, FK_ID_Compras, FK_ID_Existencias)
VALUES ('10', '8600', '86000', '20', '817956');
INSERT INTO material_comprado (Cantidad, Precio_Unitario, Sub_Total, FK_ID_Compras, FK_ID_Existencias)
VALUES ('15', '8500', '127500', '21', '244337');
INSERT INTO material_comprado (Cantidad, Precio_Unitario, Sub_Total, FK_ID_Compras, FK_ID_Existencias)
VALUES ('5', '9600', '48000', '22', '864013');
INSERT INTO material_comprado (Cantidad, Precio_Unitario, Sub_Total, FK_ID_Compras, FK_ID_Existencias)
VALUES ('90', '15000', '1350000', '23', '531134');
INSERT INTO material_comprado (Cantidad, Precio_Unitario, Sub_Total, FK_ID_Compras, FK_ID_Existencias)
VALUES ('150', '17000', '2550000', '24', '155300');
INSERT INTO material_comprado (Cantidad, Precio_Unitario, Sub_Total, FK_ID_Compras, FK_ID_Existencias)
VALUES ('80', '20000', '1600000', '25', '200394');
INSERT INTO material_comprado (Cantidad, Precio_Unitario, Sub_Total, FK_ID_Compras, FK_ID_Existencias)
VALUES ('90', '2500', '225000', '26', '695767');
INSERT INTO material_comprado (Cantidad, Precio_Unitario, Sub_Total, FK_ID_Compras, FK_ID_Existencias)
VALUES ('80', '3000', '240000', '27', '933665');
INSERT INTO material_comprado (Cantidad, Precio_Unitario, Sub_Total, FK_ID_Compras, FK_ID_Existencias)
VALUES ('150', '2750', '412500', '28', '132457');
INSERT INTO material_comprado (Cantidad, Precio_Unitario, Sub_Total, FK_ID_Compras, FK_ID_Existencias)
VALUES ('30', '450', '13500', '29', '535769');
INSERT INTO material_comprado (Cantidad, Precio_Unitario, Sub_Total, FK_ID_Compras, FK_ID_Existencias)
VALUES ('100', '120', '12000', '30', '452363');
INSERT INTO material_comprado (Cantidad, Precio_Unitario, Sub_Total, FK_ID_Compras, FK_ID_Existencias)
VALUES ('50', '200', '10000', '31', '916009');
INSERT INTO material_comprado (Cantidad, Precio_Unitario, Sub_Total, FK_ID_Compras, FK_ID_Existencias)
VALUES ('200', '1500', '300000', '32', '771207');
INSERT INTO material_comprado (Cantidad, Precio_Unitario, Sub_Total, FK_ID_Compras, FK_ID_Existencias)
VALUES ('500', '60', '30000', '33', '380851');
INSERT INTO material_comprado (Cantidad, Precio_Unitario, Sub_Total, FK_ID_Compras, FK_ID_Existencias)
VALUES ('5', '6000', '30000', '34', '296906');
INSERT INTO material_comprado (Cantidad, Precio_Unitario, Sub_Total, FK_ID_Compras, FK_ID_Existencias)
VALUES ('100', '356', '35600', '35', '966753');
INSERT INTO material_comprado (Cantidad, Precio_Unitario, Sub_Total, FK_ID_Compras, FK_ID_Existencias)
VALUES ('30', '120', '3600', '36', '518171');
INSERT INTO material_comprado (Cantidad, Precio_Unitario, Sub_Total, FK_ID_Compras, FK_ID_Existencias)
VALUES ('60', '360', '21600', '37', '344952');
INSERT INTO material_comprado (Cantidad, Precio_Unitario, Sub_Total, FK_ID_Compras, FK_ID_Existencias)
VALUES ('150', '100', '15000', '38', '562549');
INSERT INTO material_comprado (Cantidad, Precio_Unitario, Sub_Total, FK_ID_Compras, FK_ID_Existencias)
VALUES ('30', '120', '3600', '39', '344952');
INSERT INTO material_comprado (Cantidad, Precio_Unitario, Sub_Total, FK_ID_Compras, FK_ID_Existencias)
VALUES ('30', '120', '3600', '9', '344952');
INSERT INTO material_comprado (Cantidad, Precio_Unitario, Sub_Total, FK_ID_Compras, FK_ID_Existencias)
VALUES ('30', '120', '3600', '12', '344952');
INSERT INTO material_comprado (Cantidad, Precio_Unitario, Sub_Total, FK_ID_Compras, FK_ID_Existencias)
VALUES ('30', '120', '3600', '25', '344952');
INSERT INTO material_comprado (Cantidad, Precio_Unitario, Sub_Total, FK_ID_Compras, FK_ID_Existencias)
VALUES ('30', '120', '3600', '6', '344952');
INSERT INTO material_comprado (Cantidad, Precio_Unitario, Sub_Total, FK_ID_Compras, FK_ID_Existencias)
VALUES ('30', '120', '3600', '33', '344952');

SELECT COUNT(*) FROM Material_Comprado;
SELECT * FROM Material_Comprado;


-- Carga de datos en la tabla de ventas
INSERT INTO Ventas (FolioVenta, Fecha_Venta, Sub_Total, IVA, Total_Pagar, Metodo_Pago, FK_RFC_Nom_Emp, FK_RFC_Fecha_Emp, FK_RFC_Nom_Cliente, FK_RFC_Fecha_Cliente)
VALUES ('1', '2022-06-25', '720', '115.2', '835.2', '1', 'VADF', '1995-12-30', 'RORM', '1961-12-20');
INSERT INTO Ventas (FolioVenta, Fecha_Venta, Sub_Total, IVA, Total_Pagar, Metodo_Pago, FK_RFC_Nom_Emp, FK_RFC_Fecha_Emp, FK_RFC_Nom_Cliente, FK_RFC_Fecha_Cliente)
VALUES ('2', '2022-06-25', '1500', '240', '1740', '2', 'VADF', '1995-12-30', 'MASL', '1985-09-16');
INSERT INTO Ventas (FolioVenta, Fecha_Venta, Sub_Total, IVA, Total_Pagar, Metodo_Pago, FK_RFC_Nom_Emp, FK_RFC_Fecha_Emp, FK_RFC_Nom_Cliente, FK_RFC_Fecha_Cliente)
VALUES ('3', '2022-06-25', '3700', '592', '4292', '1', 'VADF', '1995-12-30', 'CCO', '1982-05-07');
INSERT INTO Ventas (FolioVenta, Fecha_Venta, Sub_Total, IVA, Total_Pagar, Metodo_Pago, FK_RFC_Nom_Emp, FK_RFC_Fecha_Emp, FK_RFC_Nom_Cliente, FK_RFC_Fecha_Cliente)
VALUES ('4', '2022-06-26', '550', '88', '638', '3', 'TORM', '1980-05-06', 'FDM', '1999-11-25');
INSERT INTO Ventas (FolioVenta, Fecha_Venta, Sub_Total, IVA, Total_Pagar, Metodo_Pago, FK_RFC_Nom_Emp, FK_RFC_Fecha_Emp, FK_RFC_Nom_Cliente, FK_RFC_Fecha_Cliente)
VALUES ('5', '2022-06-27', '1380', '220.8', '1600.8', '2', 'TORM', '1980-05-06', 'SAPS', '1967-05-29');
INSERT INTO Ventas (FolioVenta, Fecha_Venta, Sub_Total, IVA, Total_Pagar, Metodo_Pago, FK_RFC_Nom_Emp, FK_RFC_Fecha_Emp, FK_RFC_Nom_Cliente, FK_RFC_Fecha_Cliente)
VALUES ('6', '2022-07-01', '1480', '236.8', '1716.8', '1', 'TORM', '1980-05-06', 'POLJ', '1999-09-05');
INSERT INTO Ventas (FolioVenta, Fecha_Venta, Sub_Total, IVA, Total_Pagar, Metodo_Pago, FK_RFC_Nom_Emp, FK_RFC_Fecha_Emp, FK_RFC_Nom_Cliente, FK_RFC_Fecha_Cliente)
VALUES ('7', '2022-07-01', '520', '83.2', '603.2', '3', 'SAGA', '1992-03-27', 'PATG', '1955-08-03');
INSERT INTO Ventas (FolioVenta, Fecha_Venta, Sub_Total, IVA, Total_Pagar, Metodo_Pago, FK_RFC_Nom_Emp, FK_RFC_Fecha_Emp, FK_RFC_Nom_Cliente, FK_RFC_Fecha_Cliente)
VALUES ('8', '2022-07-02', '3100', '496', '3596', '2', 'SAGA', '1992-03-27', 'DEGO', '1970-08-18');
INSERT INTO Ventas (FolioVenta, Fecha_Venta, Sub_Total, IVA, Total_Pagar, Metodo_Pago, FK_RFC_Nom_Emp, FK_RFC_Fecha_Emp, FK_RFC_Nom_Cliente, FK_RFC_Fecha_Cliente)
VALUES ('9', '2022-07-03', '300', '48', '348', '1', 'SAGA', '1992-03-27', 'PATG', '1955-08-03');
INSERT INTO Ventas (FolioVenta, Fecha_Venta, Sub_Total, IVA, Total_Pagar, Metodo_Pago, FK_RFC_Nom_Emp, FK_RFC_Fecha_Emp, FK_RFC_Nom_Cliente, FK_RFC_Fecha_Cliente)
VALUES ('10', '2022-07-03', '720', '115.2', '835.2', '3', 'LUJA', '1982-10-10', 'GERM', '1975-03-27');
INSERT INTO Ventas (FolioVenta, Fecha_Venta, Sub_Total, IVA, Total_Pagar, Metodo_Pago, FK_RFC_Nom_Emp, FK_RFC_Fecha_Emp, FK_RFC_Nom_Cliente, FK_RFC_Fecha_Cliente)
VALUES ('11', '2022-07-03', '1550', '248', '1798', '3', 'LUJA', '1982-10-10', 'CAME', '1981-08-03');
INSERT INTO Ventas (FolioVenta, Fecha_Venta, Sub_Total, IVA, Total_Pagar, Metodo_Pago, FK_RFC_Nom_Emp, FK_RFC_Fecha_Emp, FK_RFC_Nom_Cliente, FK_RFC_Fecha_Cliente)
VALUES ('12', '2022-07-05', '260', '41.6', '301.6', '1', 'LUJA', '1982-10-10', 'GJU', '1980-12-08');
INSERT INTO Ventas (FolioVenta, Fecha_Venta, Sub_Total, IVA, Total_Pagar, Metodo_Pago, FK_RFC_Nom_Emp, FK_RFC_Fecha_Emp, FK_RFC_Nom_Cliente, FK_RFC_Fecha_Cliente)
VALUES ('13', '2022-07-06', '150', '24', '174', '2', 'GACI', '1987-05-06', 'RIAS', '1994-12-28');
INSERT INTO Ventas (FolioVenta, Fecha_Venta, Sub_Total, IVA, Total_Pagar, Metodo_Pago, FK_RFC_Nom_Emp, FK_RFC_Fecha_Emp, FK_RFC_Nom_Cliente, FK_RFC_Fecha_Cliente)
VALUES ('14', '2022-07-06', '360', '57.6', '417.6', '1', 'GACI', '1987-05-06', 'GERM', '1975-03-27');
INSERT INTO Ventas (FolioVenta, Fecha_Venta, Sub_Total, IVA, Total_Pagar, Metodo_Pago, FK_RFC_Nom_Emp, FK_RFC_Fecha_Emp, FK_RFC_Nom_Cliente, FK_RFC_Fecha_Cliente)
VALUES ('15', '2022-07-09', '2880', '460.8', '3340.8', '1', 'GACI', '1987-05-06', 'BACA', '1995-12-05');
INSERT INTO Ventas (FolioVenta, Fecha_Venta, Sub_Total, IVA, Total_Pagar, Metodo_Pago, FK_RFC_Nom_Emp, FK_RFC_Fecha_Emp, FK_RFC_Nom_Cliente, FK_RFC_Fecha_Cliente)
VALUES ('16', '2022-07-09', '1350', '216', '1566', '2', 'CEHJ', '1983-12-15', 'MARD', '1967-07-09');
INSERT INTO Ventas (FolioVenta, Fecha_Venta, Sub_Total, IVA, Total_Pagar, Metodo_Pago, FK_RFC_Nom_Emp, FK_RFC_Fecha_Emp, FK_RFC_Nom_Cliente, FK_RFC_Fecha_Cliente)
VALUES ('17', '2022-07-25', '7700', '1232', '8932', '2', 'CEHJ', '1983-12-15', 'DDG', '1990-02-08');
INSERT INTO Ventas (FolioVenta, Fecha_Venta, Sub_Total, IVA, Total_Pagar, Metodo_Pago, FK_RFC_Nom_Emp, FK_RFC_Fecha_Emp, FK_RFC_Nom_Cliente, FK_RFC_Fecha_Cliente)
VALUES ('18', '2022-07-25', '8853.44', '1416.55', '10269.99', '3', 'CEHJ', '1983-12-15', 'RORM', '1961-12-20');
INSERT INTO Ventas (FolioVenta, Fecha_Venta, Sub_Total, IVA, Total_Pagar, Metodo_Pago, FK_RFC_Nom_Emp, FK_RFC_Fecha_Emp, FK_RFC_Nom_Cliente, FK_RFC_Fecha_Cliente)
VALUES ('19', '2022-07-25', '9441.76', '1510.68', '10952.45', '1', 'SAMM', '1985-12-20', 'MASL', '1985-09-16');
INSERT INTO Ventas (FolioVenta, Fecha_Venta, Sub_Total, IVA, Total_Pagar, Metodo_Pago, FK_RFC_Nom_Emp, FK_RFC_Fecha_Emp, FK_RFC_Nom_Cliente, FK_RFC_Fecha_Cliente)
VALUES ('20', '2022-07-25', '10035.99', '1605.75', '11641.75', '2', 'SAMM', '1985-12-20', 'CCO', '1982-05-07');
INSERT INTO Ventas (FolioVenta, Fecha_Venta, Sub_Total, IVA, Total_Pagar, Metodo_Pago, FK_RFC_Nom_Emp, FK_RFC_Fecha_Emp, FK_RFC_Nom_Cliente, FK_RFC_Fecha_Cliente)
VALUES ('21', '2022-07-26', '10636.12', '1701.77', '12337.90', '3', 'SAMM', '1985-12-20', 'FDM', '1999-11-25');
INSERT INTO Ventas (FolioVenta, Fecha_Venta, Sub_Total, IVA, Total_Pagar, Metodo_Pago, FK_RFC_Nom_Emp, FK_RFC_Fecha_Emp, FK_RFC_Nom_Cliente, FK_RFC_Fecha_Cliente)
VALUES ('22', '2022-07-27', '11242.15', '1798.74', '13040.90', '1', 'PESB', '1999-10-10', 'SAPS', '1967-05-29');

SELECT COUNT(*) FROM Ventas;
SELECT * FROM Ventas;


-- Carga de datos en la tabla de material vendido
INSERT INTO Material_Vendido (Cantidad, PrecioV, Subtotal, FK_ID_Existencias, FK_Folio_Venta, Material_Vendido, Metodo_Pago)
VALUES ('2', '360', '720', '396450', '1', 'Equipo completo de inyeccion 8CIL', 'Efectivo');
INSERT INTO Material_Vendido (Cantidad, PrecioV, Subtotal, FK_ID_Existencias, FK_Folio_Venta, Material_Vendido, Metodo_Pago)
VALUES ('1', '1500', '1500', '286229', '2', 'Equipo completo de inyeccion 6CIL', 'Efectivo');
INSERT INTO Material_Vendido (Cantidad, PrecioV, Subtotal, FK_ID_Existencias, FK_Folio_Venta, Material_Vendido, Metodo_Pago)
VALUES ('10', '370', '3700', '396450', '3', 'Equipo completo de inyeccion 8CIL', 'Tranferencia');
INSERT INTO Material_Vendido (Cantidad, PrecioV, Subtotal, FK_ID_Existencias, FK_Folio_Venta, Material_Vendido, Metodo_Pago)
VALUES ('5', '110', '550', '201711', '4', 'Filtro de gas', 'Tarjeta');
INSERT INTO Material_Vendido (Cantidad, PrecioV, Subtotal, FK_ID_Existencias, FK_Folio_Venta, Material_Vendido, Metodo_Pago)
VALUES ('3', '460', '1380', '200119', '5', 'Boquillas', 'Tarjeta');
INSERT INTO Material_Vendido (Cantidad, PrecioV, Subtotal, FK_ID_Existencias, FK_Folio_Venta, Material_Vendido, Metodo_Pago)
VALUES ('4', '370', '1480', '286229', '6', 'Equipo completo de inyeccion 6CIL', 'Tarjeta');
INSERT INTO Material_Vendido (Cantidad, PrecioV, Subtotal, FK_ID_Existencias, FK_Folio_Venta, Material_Vendido, Metodo_Pago)
VALUES ('8', '65', '520', '321405', '7', 'Equipo completo de inyeccion 4CIL', 'Tarjeta');
INSERT INTO Material_Vendido (Cantidad, PrecioV, Subtotal, FK_ID_Existencias, FK_Folio_Venta, Material_Vendido, Metodo_Pago)
VALUES ('2', '1550', '3100', '321405', '8', 'Equipo completo de inyeccion 4CIL', 'Efectivo');
INSERT INTO Material_Vendido (Cantidad, PrecioV, Subtotal, FK_ID_Existencias, FK_Folio_Venta, Material_Vendido, Metodo_Pago)
VALUES ('1', '300', '300', '351552', '9', 'Cuerpo de Aceleracion', 'Efectivo');
INSERT INTO Material_Vendido (Cantidad, PrecioV, Subtotal, FK_ID_Existencias, FK_Folio_Venta, Material_Vendido, Metodo_Pago)
VALUES ('6', '120', '720', '286089', '10', 'Codos 1/2 ntp a 1/2 fler', 'Efectivo');
INSERT INTO Material_Vendido (Cantidad, PrecioV, Subtotal, FK_ID_Existencias, FK_Folio_Venta, Material_Vendido, Metodo_Pago)
VALUES ('1', '1550', '1550', '161022', '11', 'Flotador de 16"', 'Efectivo');
INSERT INTO Material_Vendido (Cantidad, PrecioV, Subtotal, FK_ID_Existencias, FK_Folio_Venta, Material_Vendido, Metodo_Pago)
VALUES ('2', '130', '260', '380851', '12', 'Valvula de vacio', 'Efectivo');
INSERT INTO Material_Vendido (Cantidad, PrecioV, Subtotal, FK_ID_Existencias, FK_Folio_Venta, Material_Vendido, Metodo_Pago)
VALUES ('10', '15', '150', '321405', '13', 'Equipo completo de inyeccion 4CIL', 'Efectivo');
INSERT INTO Material_Vendido (Cantidad, PrecioV, Subtotal, FK_ID_Existencias, FK_Folio_Venta, Material_Vendido, Metodo_Pago)
VALUES ('3', '120', '360', '200031', '14', 'Conexiones Hembra', 'Tarjeta');
INSERT INTO Material_Vendido (Cantidad, PrecioV, Subtotal, FK_ID_Existencias, FK_Folio_Venta, Material_Vendido, Metodo_Pago)
VALUES ('8', '360', '2880', '120537', '15', 'Filtro de aire', 'Tranferencia');
INSERT INTO Material_Vendido (Cantidad, PrecioV, Subtotal, FK_ID_Existencias, FK_Folio_Venta, Material_Vendido, Metodo_Pago)
VALUES ('5', '270', '1350', '132457', '16', 'Tanque 100 Lts, valvulas a la cabeza', 'Efectivo');
INSERT INTO Material_Vendido (Cantidad, PrecioV, Subtotal, FK_ID_Existencias, FK_Folio_Venta, Material_Vendido, Metodo_Pago)
VALUES ('1', '7700', '7700', '155300', '17', 'Repuesto p/ mezclador CA55', 'Efectivo');
INSERT INTO Material_Vendido (Cantidad, PrecioV, Subtotal, FK_ID_Existencias, FK_Folio_Venta, Material_Vendido, Metodo_Pago)
VALUES ('4', '1986.91', '720', '111704', '18', 'Filtro Interfil', 'Efectivo');
INSERT INTO Material_Vendido (Cantidad, PrecioV, Subtotal, FK_ID_Existencias, FK_Folio_Venta, Material_Vendido, Metodo_Pago)
VALUES ('4', '2107.35', '1500', '286229', '19', 'Equipo completo de inyeccion 6CIL', 'Efectivo');
INSERT INTO Material_Vendido (Cantidad, PrecioV, Subtotal, FK_ID_Existencias, FK_Folio_Venta, Material_Vendido, Metodo_Pago)
VALUES ('4', '2227.79', '3700', '396450', '20', 'Equipo completo de inyeccion 8CIL', 'Tranferencia');
INSERT INTO Material_Vendido (Cantidad, PrecioV, Subtotal, FK_ID_Existencias, FK_Folio_Venta, Material_Vendido, Metodo_Pago)
VALUES ('4', '2348.23', '550', '286229', '21', 'Equipo completo de inyeccion 6CIL', 'Tarjeta');
INSERT INTO Material_Vendido (Cantidad, PrecioV, Subtotal, FK_ID_Existencias, FK_Folio_Venta, Material_Vendido, Metodo_Pago)
VALUES ('4', '2468.67', '1380', '321405', '22', 'Equipo completo de inyeccion 4CIL', 'Tarjeta');

SELECT COUNT(*) FROM Material_Vendido;
SELECT * FROM Material_Vendido;