use LuGas;

-- Carga de datos de la tabla clientes
INSERT INTO Clientes (RFCNom, RFCFecha, Nombre, Ape_Paterno, Ape_Materno, Nom_Calle, Num_CAlle, Nom_Colonia, Nom_Estado, Num_Telefono, Correo)
VALUES ('MASL', '1985-09-16', 'Leonel', 'Martinez', 'Sanchez', 'Colima', 251, 'Roma', 'CDMX',  '5510238976', 'Leonel22@gmail.com');
INSERT INTO Clientes (RFCNom, RFCFecha, Nombre, Ape_Paterno, Ape_Materno, Nom_Calle, Num_CAlle, Nom_Colonia, Nom_Estado, Num_Telefono, Correo)
VALUES ('JASB', '1972-10-10', 'Blanca', 'Jaimes', 'Sanchez', 'Cuauhtemoc', 68, 'Centro', 'CDMX',  '5567935341', 'Blanca18@gmail.com' );
INSERT INTO Clientes (RFCNom, RFCFecha, Nombre, Ape_Paterno, Ape_Materno, Nom_Calle, Num_CAlle, Nom_Colonia, Nom_Estado, Num_Telefono, Correo)
VALUES ('RORM', '1961-12-20', 'Maria', 'Rosales', 'Rodriguez', 'Pino Suarez', 3, 'Santa Ana', 'CDMX', '5561401630', 'Maria19@gmail.com');
INSERT INTO Clientes (RFCNom, RFCFecha, Nombre, Ape_Paterno, Ape_Materno, Nom_Calle, Num_CAlle, Nom_Colonia, Nom_Estado, Num_Telefono, Correo)
VALUES ('SAVR', '1970-02-18', 'Rafael', 'Salazar', 'Valerio', 'Pino', 1676, 'Poniente', 'CDMX', '5537500665', 'Rafael27@gmail.com');
INSERT INTO Clientes (RFCNom, RFCFecha, Nombre, Ape_Paterno, Ape_Materno, Nom_Calle, Num_CAlle, Nom_Colonia, Nom_Estado, Num_Telefono, Correo)
VALUES ('MARD', '1967-07-09', 'Dania', 'Martinez', 'Delgado', '16 sur', 1308, 'centro','CDMX', '5555103551', 'Dania17@gmail.com');
INSERT INTO Clientes (RFCNom, RFCFecha, Nombre, Ape_Paterno, Ape_Materno, Nom_Calle, Num_CAlle, Nom_Colonia, Nom_Estado, Num_Telefono, Correo)
VALUES ('BACA', '1995-12-05', 'Jorge', 'Baesa', 'Contrera', 'blvd juan alonso de torres', 1820, 'crento', 'CDMX', '5519964330', 'jorge3@gmal.com');
INSERT INTO Clientes (RFCNom, RFCFecha, Nombre, Ape_Paterno, Ape_Materno, Nom_Calle, Num_CAlle, Nom_Colonia, Nom_Estado, Num_Telefono, Correo)
VALUES ('PECJ', '1992-12-05', 'Juan Fernando', 'Perez', 'Del Corral', 'Hacienda vejel', 122, 'Jardines de la hacienda', 'CDMX', '5552442078', 'juanfernando24@gmail.com');
INSERT INTO Clientes (RFCNom, RFCFecha, Nombre, Ape_Paterno, Ape_Materno, Nom_Calle, Num_CAlle, Nom_Colonia, Nom_Estado, Num_Telefono, Correo)
VALUES ('LARV', '1970-12-03', 'Valentina', 'Laverde', 'Juarez', 'Prol reforma', 700, 'lomas de santa fe', 'CDMX', '5570788564', 'valentina6@gmail.com');
INSERT INTO Clientes (RFCNom, RFCFecha, Nombre, Ape_Paterno, Ape_Materno, Nom_Calle, Num_CAlle, Nom_Colonia, Nom_Estado, Num_Telefono, Correo)
VALUES ('DEGO', '1970-08-18', 'Oscar', 'De La Renta', 'Guzman', 'jimenez juarez', 133, 'burocrata', 'CDMX', '5517054900', 'oscar28@gmail.com');
INSERT INTO Clientes (RFCNom, RFCFecha, Nombre, Ape_Paterno, Ape_Materno, Nom_Calle, Num_CAlle, Nom_Colonia, Nom_Estado, Num_Telefono, Correo)
VALUES ('SAPS', '1967-05-29', 'Sara Teresa', 'Sanchez', 'Del pinar', 'avila camacho', 1994, 'tepetlacalco', 'CDMX', '5567611512', 'sarateresa23@gmail.com');
INSERT INTO Clientes (RFCNom, RFCFecha, Nombre, Ape_Paterno, Ape_Materno, Nom_Calle, Num_CAlle, Nom_Colonia, Nom_Estado, Num_Telefono, Correo)
VALUES ('CAME', '1981-08-03', 'Efrain', 'de las casas', 'Mejia', 'viveros de octum', 54, 'viveros el valle','CDMX', '5518954909', 'efrain29@gmail,com');
INSERT INTO Clientes (RFCNom, RFCFecha, Nombre, Ape_Paterno, Ape_Materno, Nom_Calle, Num_CAlle, Nom_Colonia, Nom_Estado, Num_Telefono, Correo)
VALUES ('POLJ', '1999-09-05', 'Julieta', 'Ponce', 'De Leon', 'asociacion de industriales', 32, 'centro', 'CDMX', '5518667759', 'julieta15@gmail.com');
INSERT INTO Clientes (RFCNom, RFCFecha, Nombre, Ape_Paterno, Ape_Materno, Nom_Calle, Num_CAlle, Nom_Colonia, Nom_Estado, Num_Telefono, Correo)
VALUES ('RIAM', '1978-11-11', 'Martin Elia', 'De Los Rios', 'Acosta', 'pablo neruda', 2460, 'providencia', 'CDMX', '5517391084', 'martinelias18@gmail.com');
INSERT INTO Clientes (RFCNom, RFCFecha, Nombre, Ape_Paterno, Ape_Materno, Nom_Calle, Num_CAlle, Nom_Colonia, Nom_Estado, Num_Telefono, Correo)
VALUES ('PATG', '1955-08-03', 'Gabriela', 'De La Pava', 'De La Torres', 'bahia de perules', 66, 'veronica anzurres', 'CDMX', '5515597701', 'gabriela14@gmail,com');
INSERT INTO Clientes (RFCNom, RFCFecha, Nombre, Ape_Paterno, Ape_Materno, Nom_Calle, Num_CAlle, Nom_Colonia, Nom_Estado, Num_Telefono, Correo)
VALUES ('GERM','1975-03-27', 'Matias', 'De Greiff','rincon', 'fernandez colima', 29, 'burocratas', 'CDMX','5517963445', 'matias13@gmail.com');
INSERT INTO Clientes (RFCNom, RFCFecha, Nombre, Ape_Paterno, Ape_Materno, Nom_Calle, Num_CAlle, Nom_Colonia, Nom_Estado, Num_Telefono, Correo)
VALUES ('CAYS', '1993-02-18', 'Sebastian','Del Campo', 'Yepes', 'prol aquiles serdan', 6, 'hoja de maiz','CDMX', '5549844280', 'sebastian26@gmail.com');
INSERT INTO Clientes (RFCNom, RFCFecha, Nombre, Ape_Paterno, Ape_Materno, Nom_Calle, Num_CAlle, Nom_Colonia, Nom_Estado, Num_Telefono, Correo)
VALUES ('RIAS', '1994-12-28', 'Sofia', 'del Rio','Arango', 'jose ma liceaga', 406, 'morelos loma','CDMX', '5515697875', 'sofia25@gmail.com');
INSERT INTO Clientes (RFCNom, RFCFecha, Nombre, Ape_Paterno, Ape_Materno, Nom_Calle, Num_CAlle, Nom_Colonia, Nom_Estado, Num_Telefono, Correo)
VALUES ('AVMM', '1997-08-30', 'Monica Patricia', 'De Avalos', 'Mendoza', 'santa ursula', 232, 'ped santa ursula', 'CDMX', '555787891', 'monicapatricia16@gmail.com');
INSERT INTO Clientes (RFCNom, RFCFecha, Nombre, Ape_Paterno, Ape_Materno, Nom_Calle, Num_CAlle, Nom_Colonia, Nom_Estado, Num_Telefono, Correo)
VALUES ('CCO', '1982-05-07', 'La Costena', ' ', ' ', 'av hidalgo', 1231, 'centro', 'CDMX', '5511293351', 'lacostena24@gmail.com');
INSERT INTO Clientes (RFCNom, RFCFecha, Nombre, Ape_Paterno, Ape_Materno, Nom_Calle, Num_CAlle, Nom_Colonia, Nom_Estado, Num_Telefono, Correo)
VALUES ('DDG', '1990-02-08', 'Grupo Dimex',' ', ' ', 'av del taller', 791, 'jardin balbuena', 'CDMX', '5577217010', 'grupodimex18@gmail.com');
INSERT INTO Clientes (RFCNom, RFCFecha, Nombre, Ape_Paterno, Ape_Materno, Nom_Calle, Num_CAlle, Nom_Colonia, Nom_Estado, Num_Telefono, Correo)
VALUES ('GJU', '1980-12-08', 'Jumex', ' ', ' ', 'zaragoza', 80, 'centro', 'CDMX', '5515310998', 'jumex26@gmail.com');
INSERT INTO Clientes (RFCNom, RFCFecha, Nombre, Ape_Paterno, Ape_Materno, Nom_Calle, Num_CAlle, Nom_Colonia, Nom_Estado, Num_Telefono, Correo)
VALUES ('FDM', '1999-11-25', 'FeDex', ' ', ' ', 'carr rec hidraulicos', 100, 'las flores', 'CDMX', '5512517912','fedex22@gmail.com');
INSERT INTO Clientes (RFCNom, RFCFecha, Nombre, Ape_Paterno, Ape_Materno, Nom_Calle, Num_CAlle, Nom_Colonia, Nom_Estado, Num_Telefono, Correo)
VALUES ('CAZD', '1998-07-27', 'Daniel', 'Castellanos', 'Zamorano', 'Zona central', '333', 'las americas', 'CDMX', '557328976', 'daniel27@gmail.com');

SELECT count(*) FROM Clientes;
SELECT * FROM Clientes;


-- Carga de datos tabla Personal
INSERT INTO Personal (RFCNombre, RFCFecha, NombreEmp, Ape_Paterno, Ape_Materno, Puesto, Edad, NomCalle, NumCalle, NomColonia, NomEstado, NumCP, NomAlcaldia, Sueldo, Telefono)
VALUES ('TOLJ', '1901-04-25', 'Joel', 'Torres', 'Lopez', 'Mecanico', 21, 'calle sur', 177, 'Gabriel Ramos Millán Secc Cuchilla', 'CDMX', 08020, 'iztacalco', 2200.00, '5640596335');
INSERT INTO Personal (RFCNombre, RFCFecha, NombreEmp, Ape_Paterno, Ape_Materno, Puesto, Edad, NomCalle, NumCalle, NomColonia, NomEstado, NumCP, NomAlcaldia, Sueldo, Telefono)
VALUES ('SAGA', '1992-03-27', 'Alfredo', 'Sanchez', 'Garcia', 'mecanico', 21, 'melchor ocampo', 240, 'Miguel de la Madrid', 'CDMX', 09638, 'iztapalapa', 2200, '5546699531');
INSERT INTO Personal (RFCNombre, RFCFecha, NombreEmp, Ape_Paterno, Ape_Materno, Puesto, Edad, NomCalle, NumCalle, NomColonia, NomEstado, NumCP, NomAlcaldia, Sueldo, Telefono)
VALUES ('PESB', '1999-10-10', 'Brenda', 'Peralta', 'Santos', 'mecanico', 23, 'vicente guerrero', 111-700, 'Zona Urbana Ejidal Santa María Aztahuacan', 'CDMX', 09570, 'iztapalapa', 2200, '5698636645');
INSERT INTO Personal (RFCNombre, RFCFecha, NombreEmp, Ape_Paterno, Ape_Materno, Puesto, Edad, NomCalle, NumCalle, NomColonia, NomEstado, NumCP, NomAlcaldia, Sueldo, Telefono)
VALUES ('MAJA', '1989-12-28', 'Alexis', 'Maldonado', 'Jimenez', 'herrero', 32, 'luis zamora', 18-28, 'Ejército de Oriente Zona Peñón', 'CDMX', 09239, 'iztapalapa', 2350, '5569412137');
INSERT INTO Personal (RFCNombre, RFCFecha, NombreEmp, Ape_Paterno, Ape_Materno, Puesto, Edad, NomCalle, NumCalle, NomColonia, NomEstado, NumCP, NomAlcaldia, Sueldo, Telefono)
VALUES ('GACI', '1987-05-06', 'Ivan', 'Gameros', 'Cisneros', 'herrero', 34, 'abraham gonzalez', 228-230, 'Zona Urbana Ejidal Santa María Aztahuacan', 'CDMX', 09570, 'iztapalapa', 2350, '557998861');
INSERT INTO Personal (RFCNombre, RFCFecha, NombreEmp, Ape_Paterno, Ape_Materno, Puesto, Edad, NomCalle, NumCalle, NomColonia, NomEstado, NumCP, NomAlcaldia, Sueldo, Telefono)
VALUES ('VADF', '1995-12-30', 'Daniel', 'Vazquez', 'Flores', 'ventas', 27, 'calle 12', 1, 'renovacion', 'CDMX', 09209, 'iztapalapa', 2500, '5532697841');
INSERT INTO Personal (RFCNombre, RFCFecha, NombreEmp, Ape_Paterno, Ape_Materno, Puesto, Edad, NomCalle, NumCalle, NomColonia, NomEstado, NumCP, NomAlcaldia, Sueldo, Telefono)
VALUES ('FLDL', '1985-03-09', 'Lissandra', 'Flores', 'Dias', 'compras', 37, '1aurelio meneses', 2-25, 'UH vicente guerrero', 'CDMX', 09200, 'iztapalapa', 2550, '5644832784');
INSERT INTO Personal (RFCNombre, RFCFecha, NombreEmp, Ape_Paterno, Ape_Materno, Puesto, Edad, NomCalle, NumCalle, NomColonia, NomEstado, NumCP, NomAlcaldia, Sueldo, Telefono)
VALUES ('CEHJ', '1983-12-15', 'Jaqueline', 'Cervantes', 'Hernandez', 'recepcion', 39, 'C. Gral. Juan Enríquez ', 521, 'juan escutia', 'CDMX', 09100, 'iztapalapa', 2600, '5602737869');
INSERT INTO Personal (RFCNombre, RFCFecha, NombreEmp, Ape_Paterno, Ape_Materno, Puesto, Edad, NomCalle, NumCalle, NomColonia, NomEstado, NumCP, NomAlcaldia, Sueldo, Telefono)
VALUES ('MOSJ', '1980-04-27', 'Juan Carlos', 'Montes', 'Sanchez', 'velador', 42, 'jose arrese', 5-28, 'tepalcates', 'CDMX', 09210, 'iztapalapa', 3500, '5699310279');
INSERT INTO Personal (RFCNombre, RFCFecha, NombreEmp, Ape_Paterno, Ape_Materno, Puesto, Edad, NomCalle, NumCalle, NomColonia, NomEstado, NumCP, NomAlcaldia, Sueldo, Telefono)
VALUES ('BLRJ', '1974-06-28', 'Jorge Alberto', 'Blanco', 'Rios', 'director g', 46, '23 de Julio de 1859 ', 760, 'Leyes de reforma 3ra secc', 'CDMX', 09310, 'iztapalapa', 7000, '5639742218');
INSERT INTO Personal (RFCNombre, RFCFecha, NombreEmp, Ape_Paterno, Ape_Materno, Puesto, Edad, NomCalle, NumCalle, NomColonia, NomEstado, NumCP, NomAlcaldia, Sueldo, Telefono)
VALUES ('TORM', '1980-05-06', 'Manuel', 'Torres', 'Rodas', 'recursos h', 42, 'batalla paso de ovejas', 66-849, 'Leyes de reforma 3ra secc', 'CDMX', 09310, 'iztapalapa', 5800, '5569346827');
INSERT INTO Personal (RFCNombre, RFCFecha, NombreEmp, Ape_Paterno, Ape_Materno, Puesto, Edad, NomCalle, NumCalle, NomColonia, NomEstado, NumCP, NomAlcaldia, Sueldo, Telefono)
VALUES ('SAMM', '1985-12-20', 'Marisol', 'Santos', 'Morales', 'almacen', 37, 'batalla de casa blanca', 1, 'Leyes de reforma 3ra secc', 'CDMX', 09310, 'iztapalapa', 2900, '5549637810');
INSERT INTO Personal (RFCNombre, RFCFecha, NombreEmp, Ape_Paterno, Ape_Materno, Puesto, Edad, NomCalle, NumCalle, NomColonia, NomEstado, NumCP, NomAlcaldia, Sueldo, Telefono)
VALUES ('LUJA', '1982-10-10', 'Luis', 'Jimenez', 'Andrade', 'herrero', '35', 'santa evracruz', '43', 'guerrero', 'CDMX', '9110', 'iztapalapa', '2350', '123456789');

SELECT COUNT(*) FROM Personal;
SELECT * FROM Personal;


-- Carga de datos de la tabla de Ventas
INSERT INTO Ventas (FolioVenta, Fecha_Venta, Sub_Total, IVA, Total_Pagar, Metodo_Pago, FK_RFC_Nom_Emp, FK_RFC_Fecha_Emp, FK_RFC_Nom_Cliente, FK_RFC_Fecha_Cliente)
VALUES (001, '2022-06-25');
ins('solenoide',,2,360,720,115,835,'gastos en general','efectivo');
insert into ventas values ('inyector KP','2022-06-25',1,1500,1500,240,1740,'gastos en general','efectivo');
insert into ventas values ('repuesto p mezclador CA55','2022-06-25',10,370,3700,592,4292,'gastos en general','transaccion');
insert into ventas values ('filtro infertil','2022-06-22',5,110,550,88,638,'gastos en general','tarjeta');
insert into ventas values ('toma remota','2022-06-27',3,460,1380,220,1600,'gastos en general','tarjeta');
insert into ventas values ('filtro de gas','2022-07-01',4,370,1480,236,1714,'gastos en general','tarjeta');
insert into ventas values ('boquillas','2022-07-01',8,65,520,83,603,'gastos en general','tarjeta');
insert into ventas values ('cuerpo de aceleracion','2022-07-02',2,1550,3100,496,3596,'adquisicion de materiales','efectivo');
insert into ventas values ('valvula solenoide','2022-07-03',1,300,300,48,348,'gastos en general','efectivo');
insert into ventas values ('ligas de inyector','2022-07-03',6,120,720,115,835,'gastos en general','efectivo');
insert into ventas values ('cuerpo aceleracion','2022-07-03',1,1550,1550,248,1798,'gastos en general','efectivo');
insert into ventas values ('filtro de aire','2022-07-03',2,130,260,41,301,'gastos en general','efectivo');
insert into ventas values ('codos 1/2 ntp a 1/2 fier','2022-07-05',10,15,150,24,174,'gastos en general','efectivo');
insert into ventas values ('flotador 16p','2022-07-06',3,120,360,57,417,'adquisicion de materiales','tarjeta');
insert into ventas values ('valvula de vacio','2022-07-06',8,360,2880,460,3340,'gastos en general','transferencia');
insert into ventas values ('conexiones hembra','2022-07-07',5,270,1350,216,1566,'gastos en general','efectivo');
insert into ventas values ('Tanque 100 Lts, valvulas a la cabeza','2022-07-07',1,7700,7700,1232,8932,'gastos en general','efectivo');


-- Carga de datos en la tabla de proveedores
INSERT INTO Proveedores (RFCNom, RFCFecha, Telefono_Contacto, Nombre_rep, Ape_Paterno_Rep, Ape_Materno_Rep)
VALUES ('TAS', '1986-10-12', '556359575', 'Pedro', 'Jimenez', 'Sanches');
INSERT INTO Proveedores (RFCNom, RFCFecha, Telefono_Contacto, Nombre_rep, Ape_Paterno_Rep, Ape_Materno_Rep)
VALUES ('GAS', '1969-02-03', '559895670', 'Manuel', 'Gonzalez', 'Portillo');
INSERT INTO Proveedores (RFCNom, RFCFecha, Telefono_Contacto, Nombre_rep, Ape_Paterno_Rep, Ape_Materno_Rep)
VALUES ('LOV', '1949-03-26', '553167825', 'Carlos Manuel', 'Moreno', 'Rodriguez');
INSERT INTO Proveedores (RFCNom, RFCFecha, Telefono_Contacto, Nombre_rep, Ape_Paterno_Rep, Ape_Materno_Rep)
VALUES ('TCA', '1950-08-16', '557103996', 'Alexis', 'Cordova', 'Guzman');
INSERT INTO Proveedores (RFCNom, RFCFecha, Telefono_Contacto, Nombre_rep, Ape_Paterno_Rep, Ape_Materno_Rep)
VALUES ('ITF', '1968-04-29', '556948031', 'Felipe', 'Oropeza', 'Ordonez');
INSERT INTO Proveedores (RFCNom, RFCFecha, Telefono_Contacto, Nombre_rep, Ape_Paterno_Rep, Ape_Materno_Rep)
VALUES ('IMP', '1936-09-18', '554720189', 'Jorge', 'Hernandez', 'Torres');

SELECT COUNT(*) FROM Proveedores;
SELECT * FROM Proveedores;

-- Carga de datos en la tabla de Compras
INSERT INTO Compras (IDCompras, Sub_Total, Iva, Total, Fecha_Pedido, Fecha_Entrega, FK_RFC_Nom_Proveedor, FK_RFC_Fecha_Proveedor)
VALUES (1, 60000, 9600, 69600, '2022-01-29', '2022-02-10', 'TAS', '1986-10-12');
INSERT INTO Compras (IDCompras, Sub_Total, Iva, Total, Fecha_Pedido, Fecha_Entrega, FK_RFC_Nom_Proveedor, FK_RFC_Fecha_Proveedor)
VALUES (2, 75000, 12000, 87000, '2022-01-29', '2022-02-10', 'GAS', '1969-02-03');
INSERT INTO Compras (IDCompras, Sub_Total, Iva, Total, Fecha_Pedido, Fecha_Entrega, FK_RFC_Nom_Proveedor, FK_RFC_Fecha_Proveedor)
VALUES (3, 129000, 20640, 149640, '2022-01-29', '2022-02-10', 'GAS', '1969-02-03');
INSERT INTO Compras (IDCompras, Sub_Total, Iva, Total, Fecha_Pedido, Fecha_Entrega, FK_RFC_Nom_Proveedor, FK_RFC_Fecha_Proveedor)
VALUES (4, 80000, 12800, 92800, '2022-01-29', '2022-02-10', 'GAS', '1969-02-03');
INSERT INTO Compras (IDCompras, Sub_Total, Iva, Total, Fecha_Pedido, Fecha_Entrega, FK_RFC_Nom_Proveedor, FK_RFC_Fecha_Proveedor)
VALUES (5, 5000, 800, 5800, '2022-02-16', '2022-02-23', 'LOV', '1949-03-26');
INSERT INTO Compras (IDCompras, Sub_Total, Iva, Total, Fecha_Pedido, Fecha_Entrega, FK_RFC_Nom_Proveedor, FK_RFC_Fecha_Proveedor)
VALUES (6, 7500, 1200, 8700, '2022-02-16', '2022-02-23', 'LOV', '1949-03-26');
INSERT INTO Compras (IDCompras, Sub_Total, Iva, Total, Fecha_Pedido, Fecha_Entrega, FK_RFC_Nom_Proveedor, FK_RFC_Fecha_Proveedor)
VALUES (7, 11000, 1760, 12760, '2022-02-16', '2022-02-23', 'TCA', '1950-08-16');
INSERT INTO Compras (IDCompras, Sub_Total, Iva, Total, Fecha_Pedido, Fecha_Entrega, FK_RFC_Nom_Proveedor, FK_RFC_Fecha_Proveedor)
VALUES (8, 7800, 1248, 9048, '2022-02-23', '2022-03-15', 'TCA', '1950-08-16');
INSERT INTO Compras (IDCompras, Sub_Total, Iva, Total, Fecha_Pedido, Fecha_Entrega, FK_RFC_Nom_Proveedor, FK_RFC_Fecha_Proveedor)
VALUES (9, 11200, 1792, 12992, '2022-02-23', '2022-03-15', 'LOV', '1949-03-26');
INSERT INTO Compras (IDCompras, Sub_Total, Iva, Total, Fecha_Pedido, Fecha_Entrega, FK_RFC_Nom_Proveedor, FK_RFC_Fecha_Proveedor)
VALUES (10, 750, 120, 870, '2022-02-23', '2022-03-15', 'GAS', '1969-02-03');
INSERT INTO Compras (IDCompras, Sub_Total, Iva, Total, Fecha_Pedido, Fecha_Entrega, FK_RFC_Nom_Proveedor, FK_RFC_Fecha_Proveedor)
VALUES (11, 650, 104, 754, '2022-02-23', '2022-03-15', 'IMP', '1936-09-18');
INSERT INTO Compras (IDCompras, Sub_Total, Iva, Total, Fecha_Pedido, Fecha_Entrega, FK_RFC_Nom_Proveedor, FK_RFC_Fecha_Proveedor)
VALUES (12, 1200, 192, 1392, '2022-02-23', '2022-03-15', 'GAS', '1969-02-03');
INSERT INTO Compras (IDCompras, Sub_Total, Iva, Total, Fecha_Pedido, Fecha_Entrega, FK_RFC_Nom_Proveedor, FK_RFC_Fecha_Proveedor)
VALUES (13, 35000, 5600, 40600, '2022-03-05', '2022-03-26', 'TAS', '1986-10-12');
INSERT INTO Compras (IDCompras, Sub_Total, Iva, Total, Fecha_Pedido, Fecha_Entrega, FK_RFC_Nom_Proveedor, FK_RFC_Fecha_Proveedor)
VALUES (14, 28000, 4480, 32480, '2022-03-05', '2022-03-26', 'IMP', '1936-09-18');
INSERT INTO Compras (IDCompras, Sub_Total, Iva, Total, Fecha_Pedido, Fecha_Entrega, FK_RFC_Nom_Proveedor, FK_RFC_Fecha_Proveedor)
VALUES (15, 22500, 3600, 26100, '2022-03-05', '2022-03-10', 'IMP', '1936-09-18');
INSERT INTO Compras (IDCompras, Sub_Total, Iva, Total, Fecha_Pedido, Fecha_Entrega, FK_RFC_Nom_Proveedor, FK_RFC_Fecha_Proveedor)
VALUES (16, 45000, 7200, 52200, '2022-03-05', '2022-03-10', 'LOV', '1949-03-26');
INSERT INTO Compras (IDCompras, Sub_Total, Iva, Total, Fecha_Pedido, Fecha_Entrega, FK_RFC_Nom_Proveedor, FK_RFC_Fecha_Proveedor)
VALUES (17, 56000, 8960, 64960, '2022-03-05', '2022-03-10', 'TAS', '1986-10-12');
INSERT INTO Compras (IDCompras, Sub_Total, Iva, Total, Fecha_Pedido, Fecha_Entrega, FK_RFC_Nom_Proveedor, FK_RFC_Fecha_Proveedor)
VALUES (18, 17500, 2800, 20300, '2022-03-05', '2022-03-10', 'TCA', '1950-08-16');
INSERT INTO Compras (IDCompras, Sub_Total, Iva, Total, Fecha_Pedido, Fecha_Entrega, FK_RFC_Nom_Proveedor, FK_RFC_Fecha_Proveedor)
VALUES (19, 19000, 3040, 22040, '2022-03-05', '2022-03-10', 'ITF', '1968-04-29');
INSERT INTO Compras (IDCompras, Sub_Total, Iva, Total, Fecha_Pedido, Fecha_Entrega, FK_RFC_Nom_Proveedor, FK_RFC_Fecha_Proveedor)
VALUES (20, 86000, 13760, 99760, '2022-03-05', '2022-03-10', 'TCA', '1950-08-16');
INSERT INTO Compras (IDCompras, Sub_Total, Iva, Total, Fecha_Pedido, Fecha_Entrega, FK_RFC_Nom_Proveedor, FK_RFC_Fecha_Proveedor)
VALUES (21, 127500, 20400, 147900, '2022-03-05', '2022-03-10', 'GAS', '1969-02-03');
INSERT INTO Compras (IDCompras, Sub_Total, Iva, Total, Fecha_Pedido, Fecha_Entrega, FK_RFC_Nom_Proveedor, FK_RFC_Fecha_Proveedor)
VALUES (22, 48000, 7680, 55680, '2022-03-05', '2022-03-10', 'LOV', '1949-03-26');
INSERT INTO Compras (IDCompras, Sub_Total, Iva, Total, Fecha_Pedido, Fecha_Entrega, FK_RFC_Nom_Proveedor, FK_RFC_Fecha_Proveedor)
VALUES (23, 1350000, 216000, 1566000, '2022-04-20', '2022-05-15', 'TAS', '1986-10-12');
INSERT INTO Compras (IDCompras, Sub_Total, Iva, Total, Fecha_Pedido, Fecha_Entrega, FK_RFC_Nom_Proveedor, FK_RFC_Fecha_Proveedor)
VALUES (24, 2550000, 408000, 2958000, '2022-04-20', '2022-05-15', 'IMP', '1936-09-18');
INSERT INTO Compras (IDCompras, Sub_Total, Iva, Total, Fecha_Pedido, Fecha_Entrega, FK_RFC_Nom_Proveedor, FK_RFC_Fecha_Proveedor)
VALUES (25, 1600000, 256000, 1856000, '2022-04-20', '2022-05-15', 'GAS', '1969-02-03');
INSERT INTO Compras (IDCompras, Sub_Total, Iva, Total, Fecha_Pedido, Fecha_Entrega, FK_RFC_Nom_Proveedor, FK_RFC_Fecha_Proveedor)
VALUES (26, 225000, 36000, 261000, '2022-04-20', '2022-05-15', 'TCA', '1950-08-16');
INSERT INTO Compras (IDCompras, Sub_Total, Iva, Total, Fecha_Pedido, Fecha_Entrega, FK_RFC_Nom_Proveedor, FK_RFC_Fecha_Proveedor)
VALUES (27, 240000, 38400, 278400, '2022-04-20', '2022-05-15', 'TAS', '1986-10-12');
INSERT INTO Compras (IDCompras, Sub_Total, Iva, Total, Fecha_Pedido, Fecha_Entrega, FK_RFC_Nom_Proveedor, FK_RFC_Fecha_Proveedor)
VALUES (28, 412500, 66000, 478500, '2022-04-20', '2022-05-15', 'GAS', '1969-02-03');
INSERT INTO Compras (IDCompras, Sub_Total, Iva, Total, Fecha_Pedido, Fecha_Entrega, FK_RFC_Nom_Proveedor, FK_RFC_Fecha_Proveedor)
VALUES (29, 13500, 2160, 15660, '2022-04-23', '2022-04-27', 'TAS', '1986-10-12');
INSERT INTO Compras (IDCompras, Sub_Total, Iva, Total, Fecha_Pedido, Fecha_Entrega, FK_RFC_Nom_Proveedor, FK_RFC_Fecha_Proveedor)
VALUES (30, 12000, 1920, 13920, '2022-04-23', '2022-04-27', 'ITF', '1968-04-29');
INSERT INTO Compras (IDCompras, Sub_Total, Iva, Total, Fecha_Pedido, Fecha_Entrega, FK_RFC_Nom_Proveedor, FK_RFC_Fecha_Proveedor)
VALUES (31, 10000, 1600, 11600, '2022-04-23', '2022-04-27', 'IMP', '1936-09-18');
INSERT INTO Compras (IDCompras, Sub_Total, Iva, Total, Fecha_Pedido, Fecha_Entrega, FK_RFC_Nom_Proveedor, FK_RFC_Fecha_Proveedor)
VALUES (32, 300000, 48000, 348000,'2022-04-23', '2022-04-27', 'LOV', '1949-03-26');
INSERT INTO Compras (IDCompras, Sub_Total, Iva, Total, Fecha_Pedido, Fecha_Entrega, FK_RFC_Nom_Proveedor, FK_RFC_Fecha_Proveedor)
VALUES (33, 30000, 4800, 34800, '2022-04-23', '2022-04-27', 'ITF', '1968-04-29');
INSERT INTO Compras (IDCompras, Sub_Total, Iva, Total, Fecha_Pedido, Fecha_Entrega, FK_RFC_Nom_Proveedor, FK_RFC_Fecha_Proveedor)
VALUES (34, 30000, 4800, 34800, '2022-04-23', '2022-04-27', 'LOV', '1949-03-26');
INSERT INTO Compras (IDCompras, Sub_Total, Iva, Total, Fecha_Pedido, Fecha_Entrega, FK_RFC_Nom_Proveedor, FK_RFC_Fecha_Proveedor)
VALUES (35, 35600, 5696, 41296, '2022-04-23', '2022-04-27', 'TCA', '1950-08-16');
INSERT INTO Compras (IDCompras, Sub_Total, Iva, Total, Fecha_Pedido, Fecha_Entrega, FK_RFC_Nom_Proveedor, FK_RFC_Fecha_Proveedor)
VALUES (36, 3600, 576, 4176, '2022-04-25', '2022-05-01', 'TAS', '1986-10-12');
INSERT INTO Compras (IDCompras, Sub_Total, Iva, Total, Fecha_Pedido, Fecha_Entrega, FK_RFC_Nom_Proveedor, FK_RFC_Fecha_Proveedor)
VALUES (37, 21600, 3456, 25056, '2022-04-25', '2022-05-01', 'TCA', '1950-08-16');
INSERT INTO Compras (IDCompras, Sub_Total, Iva, Total, Fecha_Pedido, Fecha_Entrega, FK_RFC_Nom_Proveedor, FK_RFC_Fecha_Proveedor)
VALUES (38, 15000, 2400, 17400, '2022-04-25', '2022-05-01', 'GAS', '1969-02-03');
INSERT INTO Compras (IDCompras, Sub_Total, Iva, Total, Fecha_Pedido, Fecha_Entrega, FK_RFC_Nom_Proveedor, FK_RFC_Fecha_Proveedor)
VALUES (39, 3600, 576, 4176, '2022-04-25', '2022-05-01', 'ITF', '1968-04-29');
